timestamp,speed_kmh,throttle,brake,steer,weather,rain,fog,num_vehicles,num_pedestrians,camera_view,collision,lane_invasion,pos_x,pos_y,pos_z,yaw
06:55.15,0.0,0.0,0.0,-0.0,Clear Day,0,0,0,0,Chase,0,0,-99.61,10.546,0.001,-79.67
06:55.31,0.0,0.0,0.0,-0.0,Clear Day,0,0,0,0,Chase,0,0,-99.61,10.546,0.001,-79.67
06:55.47,0.0,0.0,0.0,-0.0,Clear Day,0,0,0,0,Chase,0,0,-99.61,10.546,0.001,-79.67
06:55.64,0.0,0.0,0.0,-0.0,Clear Day,0,0,0,0,Chase,0,0,-99.61,10.546,0.001,-79.67
06:55.81,0.0,0.0,0.0,-0.0,Clear Day,0,0,0,0,Chase,0,0,-99.61,10.546,0.001,-79.67
06:55.98,0.0,0.0,0.0,-0.0,Clear Day,0,0,0,0,Chase,0,0,-99.61,10.546,0.001,-79.67
06:56.14,0.0,0.0,0.0,-0.0,Clear Day,0,0,0,0,Chase,0,0,-99.61,10.546,0.001,-79.67
06:56.31,0.0,0.0,0.0,-0.0,Clear Day,0,0,0,0,Chase,0,0,-99.61,10.546,0.001,-79.67
06:56.47,0.0,0.0,0.0,-0.0,Clear Day,0,0,0,0,Chase,0,0,-99.61,10.546,0.001,-79.67
06:56.64,0.0,0.0,0.0,-0.0,Clear Day,0,0,0,0,Chase,0,0,-99.61,10.546,0.001,-79.67
06:56.82,0.0,0.0,0.0,-0.0,Clear Day,0,0,0,0,Chase,0,0,-99.61,10.546,0.001,-79.67
06:56.99,0.0,0.0,0.0,-0.0,Clear Day,0,0,0,0,Chase,0,0,-99.61,10.546,0.001,-79.67
06:57.15,0.0,0.0,0.0,-0.0,Clear Day,0,0,0,0,Chase,0,0,-99.61,10.546,0.001,-79.67
06:57.32,0.0,0.0,0.0,-0.0,Clear Day,0,0,0,0,Chase,0,0,-99.61,10.546,0.001,-79.67
06:57.48,0.0,0.0,0.0,-0.0,Clear Day,0,0,0,0,Chase,0,0,-99.61,10.546,0.001,-79.67
06:57.65,0.0,0.0,0.0,-0.0,Clear Day,0,0,0,0,Chase,0,0,-99.61,10.546,0.001,-79.67
06:57.82,0.0,0.0,0.0,-0.0,Clear Day,0,0,0,0,Chase,0,0,-99.61,10.546,0.001,-79.67
06:57.98,0.0,0.0,0.0,-0.0,Clear Day,0,0,0,0,Chase,0,0,-99.61,10.546,0.001,-79.67
06:58.15,0.0,0.0,0.0,-0.0,Clear Day,0,0,0,0,Chase,0,0,-99.61,10.546,0.001,-79.67
06:58.31,0.0,0.0,0.0,-0.0,Clear Day,0,0,0,0,Chase,0,0,-99.61,10.546,0.001,-79.67
06:58.48,0.0,0.0,0.0,-0.0,Clear Day,0,0,0,0,Chase,0,0,-99.61,10.546,0.001,-79.67
06:58.64,0.0,0.0,0.0,-0.0,Clear Day,0,0,0,0,Chase,0,0,-99.61,10.546,0.001,-79.67
06:58.81,0.0,0.0,0.0,-0.0,Clear Day,0,0,0,0,Chase,0,0,-99.61,10.546,0.001,-79.67
06:58.98,0.0,0.0,0.0,-0.0,Clear Day,0,0,0,0,Chase,0,0,-99.61,10.546,0.001,-79.67
06:59.15,0.0,0.0,0.0,-0.0,Clear Day,0,0,0,0,Chase,0,0,-99.61,10.546,0.001,-79.67
06:59.32,0.0,0.0,0.0,-0.0,Clear Day,0,0,0,0,Chase,0,0,-99.61,10.546,0.001,-79.67
06:59.48,0.0,0.0,0.0,-0.0,Clear Day,0,0,0,0,Chase,0,0,-99.61,10.546,0.001,-79.67
06:59.65,0.0,0.0,0.0,-0.0,Clear Day,0,0,0,0,Chase,0,0,-99.61,10.546,0.001,-79.67
06:59.81,0.0,0.0,0.0,-0.0,Clear Day,0,0,0,0,Chase,0,0,-99.61,10.546,0.001,-79.67
06:59.98,0.0,0.0,0.0,-0.0,Clear Day,0,0,0,0,Chase,0,0,-99.61,10.546,0.001,-79.67
07:00.14,0.0,0.0,0.0,-0.0,Clear Day,0,0,0,0,Chase,0,0,-99.61,10.546,0.001,-79.67
07:00.31,0.0,0.0,0.0,-0.0,Clear Day,0,0,0,0,Chase,0,0,-99.61,10.546,0.001,-79.67
07:00.47,0.0,0.0,0.0,-0.0,Clear Day,0,0,0,0,Chase,0,0,-99.61,10.546,0.001,-79.67
07:00.64,0.0,0.0,0.0,-0.0,Clear Day,0,0,0,0,Chase,0,0,-99.61,10.546,0.001,-79.67
07:00.81,0.0,0.0,0.0,-0.0,Clear Day,0,0,0,0,Chase,0,0,-99.61,10.546,0.001,-79.67
07:00.97,0.0,0.0,0.0,-0.0,Clear Day,0,0,0,0,Chase,0,0,-99.61,10.546,0.001,-79.67
07:01.14,0.0,0.0,0.0,-0.0,Clear Day,0,0,0,0,Chase,0,0,-99.61,10.546,0.001,-79.67
07:01.31,0.0,0.0,0.0,-0.0,Clear Day,0,0,0,0,Chase,0,0,-99.61,10.546,0.001,-79.67
07:01.47,0.0,0.0,0.0,-0.0,Clear Day,0,0,0,0,Chase,0,0,-99.61,10.546,0.001,-79.67
07:01.64,0.0,0.0,0.0,-0.0,Clear Day,0,0,0,0,Chase,0,0,-99.61,10.546,0.001,-79.67
07:01.81,0.0,0.0,0.0,-0.0,Clear Day,0,0,0,0,Chase,0,0,-99.61,10.546,0.001,-79.67
07:01.97,0.0,0.0,0.0,-0.0,Clear Day,0,0,0,0,Chase,0,0,-99.61,10.546,0.001,-79.67
07:02.14,0.0,0.0,0.0,-0.0,Clear Day,0,0,0,0,Chase,0,0,-99.61,10.546,0.001,-79.67
07:02.31,0.0,0.0,0.0,-0.0,Clear Day,0,0,0,0,Chase,0,0,-99.61,10.546,0.001,-79.67
07:02.47,0.0,0.0,0.0,-0.0,Clear Day,0,0,0,0,Chase,0,0,-99.61,10.546,0.001,-79.67
07:02.64,0.0,0.0,0.0,-0.0,Clear Day,0,0,0,0,Chase,0,0,-99.61,10.546,0.001,-79.67
07:02.81,0.0,0.0,0.0,-0.0,Clear Day,0,0,0,0,Chase,0,0,-99.61,10.546,0.001,-79.67
07:02.97,0.0,0.0,0.0,-0.0,Clear Day,0,0,0,0,Chase,0,0,-99.61,10.546,0.001,-79.67
07:03.14,0.0,0.0,0.0,-0.0,Clear Day,0,0,0,0,Chase,0,0,-99.61,10.546,0.001,-79.67
07:03.31,0.0,0.0,0.0,-0.0,Clear Day,0,0,0,0,Chase,0,0,-99.61,10.546,0.001,-79.67
07:03.47,0.0,0.0,0.0,-0.0,Clear Day,0,0,0,0,Chase,0,0,-99.61,10.546,0.001,-79.67
07:03.64,0.0,0.0,0.0,-0.0,Clear Day,0,0,0,0,Chase,0,0,-99.61,10.546,0.001,-79.67
07:03.80,0.0,0.0,0.0,-0.0,Clear Day,0,0,0,0,Chase,0,0,-99.61,10.546,0.001,-79.67
07:03.97,0.0,0.0,0.0,-0.0,Clear Day,0,0,0,0,Chase,0,0,-99.61,10.546,0.001,-79.67
07:04.13,0.0,0.0,0.0,-0.0,Clear Day,0,0,0,0,Chase,0,0,-99.61,10.546,0.001,-79.67
07:04.30,0.0,0.0,0.0,-0.0,Clear Day,0,0,0,0,Chase,0,0,-99.61,10.546,0.001,-79.67
07:04.47,0.0,0.0,0.0,-0.0,Clear Day,0,0,0,0,Chase,0,0,-99.61,10.546,0.001,-79.67
07:04.63,0.0,0.0,0.0,-0.0,Clear Day,0,0,0,0,Chase,0,0,-99.61,10.546,0.001,-79.67
07:04.80,0.0,0.0,0.0,-0.0,Clear Day,0,0,0,0,Chase,0,0,-99.61,10.546,0.001,-79.67
07:04.97,0.0,0.0,0.0,-0.0,Clear Day,0,0,0,0,Chase,0,0,-99.61,10.546,0.001,-79.67
07:05.13,0.0,0.0,0.0,-0.0,Clear Day,0,0,0,0,Chase,0,0,-99.61,10.546,0.001,-79.67
07:05.30,0.0,0.0,0.0,-0.0,Clear Day,0,0,0,0,Chase,0,0,-99.61,10.546,0.001,-79.67
07:05.47,0.0,0.0,0.0,-0.0,Clear Day,0,0,0,0,Chase,0,0,-99.61,10.546,0.001,-79.67
07:05.63,0.0,0.0,0.0,-0.0,Clear Day,0,0,0,0,Chase,0,0,-99.61,10.546,0.001,-79.67
07:05.79,0.0,0.0,0.0,-0.0,Clear Day,0,0,0,0,Chase,0,0,-99.61,10.546,0.001,-79.67
07:05.96,0.0,0.0,0.0,-0.0,Clear Day,0,0,0,0,Chase,0,0,-99.61,10.546,0.001,-79.67
07:06.13,0.0,0.0,0.0,-0.0,Clear Day,0,0,0,0,Chase,0,0,-99.61,10.546,0.001,-79.67
07:06.29,0.0,0.0,0.0,-0.0,Clear Day,0,0,0,0,Chase,0,0,-99.61,10.546,0.001,-79.67
07:06.46,0.0,0.0,0.0,-0.0,Clear Day,0,0,0,0,Chase,0,0,-99.61,10.546,0.001,-79.67
07:06.63,0.0,0.0,0.0,-0.0,Clear Day,0,0,0,0,Chase,0,0,-99.61,10.546,0.001,-79.67
07:06.80,0.0,0.0,0.0,-0.0,Clear Day,0,0,0,0,Chase,0,0,-99.61,10.546,0.001,-79.67
07:06.96,0.0,0.0,0.0,-0.0,Clear Day,0,0,0,0,Chase,0,0,-99.61,10.546,0.001,-79.67
07:07.13,0.0,0.0,0.0,-0.0,Clear Day,0,0,0,0,Chase,0,0,-99.61,10.546,0.001,-79.67
07:07.30,0.0,0.0,0.0,-0.0,Clear Day,0,0,0,0,Chase,0,0,-99.61,10.546,0.001,-79.67
07:07.46,0.0,0.0,0.0,-0.0,Clear Day,0,0,0,0,Chase,0,0,-99.61,10.546,0.001,-79.67
07:07.63,0.0,0.0,0.0,-0.0,Clear Day,0,0,0,0,Chase,0,0,-99.61,10.546,0.001,-79.67
07:07.80,0.0,0.0,0.0,-0.0,Clear Day,0,0,0,0,Chase,0,0,-99.61,10.546,0.001,-79.67
07:07.96,0.0,0.0,0.0,-0.0,Clear Day,0,0,0,0,Chase,0,0,-99.61,10.546,0.001,-79.67
07:08.13,0.0,0.0,0.0,-0.0,Clear Day,0,0,0,0,Chase,0,0,-99.61,10.546,0.001,-79.67
07:08.30,0.0,0.0,0.0,-0.0,Clear Day,0,0,0,0,Chase,0,0,-99.61,10.546,0.001,-79.67
07:08.46,0.0,0.0,0.0,-0.0,Clear Day,0,0,0,0,Chase,0,0,-99.61,10.546,0.001,-79.67
07:08.63,0.0,0.0,0.0,-0.0,Clear Day,0,0,0,0,Chase,0,0,-99.61,10.546,0.001,-79.67
07:08.79,0.0,0.0,0.0,-0.0,Clear Day,0,0,0,0,Chase,0,0,-99.61,10.546,0.001,-79.67
07:08.96,0.0,0.0,0.0,-0.0,Clear Day,0,0,0,0,Chase,0,0,-99.61,10.546,0.001,-79.67
07:09.13,0.0,0.0,0.0,-0.0,Clear Day,0,0,0,0,Chase,0,0,-99.61,10.546,0.001,-79.67
07:09.29,0.0,0.0,0.0,-0.0,Clear Day,0,0,0,0,Chase,0,0,-99.61,10.546,0.001,-79.67
07:09.46,0.0,0.0,0.0,-0.0,Clear Day,0,0,0,0,Chase,0,0,-99.61,10.546,0.001,-79.67
07:09.63,0.0,0.0,0.0,-0.0,Clear Day,0,0,0,0,Chase,0,0,-99.61,10.546,0.001,-79.67
07:09.80,0.0,0.0,0.0,-0.0,Clear Day,0,0,0,0,Chase,0,0,-99.61,10.546,0.001,-79.67
07:09.97,0.0,0.0,0.0,-0.0,Clear Day,0,0,0,0,Chase,0,0,-99.61,10.546,0.001,-79.67
07:10.14,0.0,0.0,0.0,-0.0,Clear Day,0,0,0,0,Chase,0,0,-99.61,10.546,0.001,-79.67
07:10.31,0.0,0.0,0.0,-0.0,Clear Day,0,0,0,0,Chase,0,0,-99.61,10.546,0.001,-79.67
07:10.47,0.0,0.0,0.0,-0.0,Clear Day,0,0,0,0,Chase,0,0,-99.61,10.546,0.001,-79.67
07:10.64,0.0,0.0,0.0,-0.0,Clear Day,0,0,0,0,Chase,0,0,-99.61,10.546,0.001,-79.67
07:10.81,0.0,0.0,0.0,-0.0,Clear Day,0,0,0,0,Chase,0,0,-99.61,10.546,0.001,-79.67
07:10.97,0.0,0.0,0.0,-0.0,Clear Day,0,0,0,0,Chase,0,0,-99.61,10.546,0.001,-79.67
07:11.14,0.0,0.0,0.0,-0.0,Clear Day,0,0,0,0,Chase,0,0,-99.61,10.546,0.001,-79.67
07:11.31,0.0,0.0,0.0,-0.0,Clear Day,0,0,0,0,Chase,0,0,-99.61,10.546,0.001,-79.67
07:11.48,0.0,0.0,0.0,-0.0,Clear Day,0,0,0,0,Chase,0,0,-99.61,10.546,0.001,-79.67
07:11.64,0.0,0.0,0.0,-0.0,Clear Day,0,0,0,0,Chase,0,0,-99.61,10.546,0.001,-79.67
07:11.81,0.0,0.0,0.0,-0.0,Clear Day,0,0,0,0,Chase,0,0,-99.61,10.546,0.001,-79.67
07:11.97,0.0,0.0,0.0,-0.0,Clear Day,0,0,0,0,Chase,0,0,-99.61,10.546,0.001,-79.67
07:12.14,0.0,0.0,0.0,-0.0,Clear Day,0,0,0,0,Chase,0,0,-99.61,10.546,0.001,-79.67
07:12.31,0.0,0.0,0.0,-0.0,Clear Day,0,0,0,0,Chase,0,0,-99.61,10.546,0.001,-79.67
07:12.48,0.0,0.0,0.0,-0.0,Clear Day,0,0,0,0,Chase,0,0,-99.61,10.546,0.001,-79.67
07:12.65,0.0,0.0,0.0,-0.0,Clear Day,0,0,0,0,Chase,0,0,-99.61,10.546,0.001,-79.67
07:12.81,0.0,0.0,0.0,-0.0,Clear Day,0,0,0,0,Chase,0,0,-99.61,10.546,0.001,-79.67
07:12.98,0.0,0.0,0.0,-0.0,Clear Day,0,0,0,0,Chase,0,0,-99.61,10.546,0.001,-79.67
07:13.15,0.0,0.0,0.0,-0.0,Clear Day,0,0,0,0,Chase,0,0,-99.61,10.546,0.001,-79.67
07:13.32,0.0,0.0,0.0,-0.0,Clear Day,0,0,0,0,Chase,0,0,-99.61,10.546,0.001,-79.67
07:13.48,0.0,0.0,0.0,-0.0,Clear Day,0,0,0,0,Chase,0,0,-99.61,10.546,0.001,-79.67
07:13.65,0.0,0.0,0.0,-0.0,Clear Day,0,0,0,0,Chase,0,0,-99.61,10.546,0.001,-79.67
07:13.81,0.0,0.0,0.0,-0.0,Clear Day,0,0,0,0,Chase,0,0,-99.61,10.546,0.001,-79.67
07:13.98,0.0,0.0,0.0,-0.0,Clear Day,0,0,0,0,Chase,0,0,-99.61,10.546,0.001,-79.67
07:14.15,0.0,0.0,0.0,-0.0,Clear Day,0,0,0,0,Chase,0,0,-99.61,10.546,0.001,-79.67
07:14.31,0.0,0.0,0.0,-0.0,Clear Day,0,0,0,0,Chase,0,0,-99.61,10.546,0.001,-79.67
07:14.48,0.0,0.0,0.0,-0.0,Clear Day,0,0,0,0,Chase,0,0,-99.61,10.546,0.001,-79.67
07:14.65,0.0,0.0,0.0,-0.0,Clear Day,0,0,0,0,Chase,0,0,-99.61,10.546,0.001,-79.67
07:14.81,0.0,0.0,0.0,-0.0,Clear Day,0,0,0,0,Chase,0,0,-99.61,10.546,0.001,-79.67
07:14.98,0.0,0.0,0.0,-0.0,Clear Day,0,0,0,0,Chase,0,0,-99.61,10.546,0.001,-79.67
07:15.14,0.0,0.0,0.0,-0.0,Clear Day,0,0,0,0,Chase,0,0,-99.61,10.546,0.001,-79.67
07:15.31,0.0,0.0,0.0,-0.0,Clear Day,0,0,0,0,Chase,0,0,-99.61,10.546,0.001,-79.67
07:15.48,0.0,0.0,0.0,-0.0,Clear Day,0,0,0,0,Chase,0,0,-99.61,10.546,0.001,-79.67
07:15.64,0.0,0.0,0.0,-0.0,Clear Day,0,0,0,0,Chase,0,0,-99.61,10.546,0.001,-79.67
07:15.81,0.0,0.0,0.0,-0.0,Clear Day,0,0,0,0,Chase,0,0,-99.61,10.546,0.001,-79.67
07:15.98,0.0,0.0,0.0,-0.0,Clear Day,0,0,0,0,Chase,0,0,-99.61,10.546,0.001,-79.67
07:16.15,0.0,0.0,0.0,-0.0,Clear Day,0,0,0,0,Chase,0,0,-99.61,10.546,0.001,-79.67
07:16.31,0.0,0.0,0.0,-0.0,Clear Day,0,0,0,0,Chase,0,0,-99.61,10.546,0.001,-79.67
07:16.48,0.0,0.0,0.0,-0.0,Clear Day,0,0,0,0,Chase,0,0,-99.61,10.546,0.001,-79.67
07:16.64,0.0,0.0,0.0,-0.0,Clear Day,0,0,0,0,Chase,0,0,-99.61,10.546,0.001,-79.67
07:16.81,0.0,0.0,0.0,-0.0,Clear Day,0,0,0,0,Chase,0,0,-99.61,10.546,0.001,-79.67
07:16.98,0.0,0.0,0.0,-0.0,Clear Day,0,0,0,0,Chase,0,0,-99.61,10.546,0.001,-79.67
07:17.14,0.0,0.0,0.0,-0.0,Clear Day,0,0,0,0,Chase,0,0,-99.61,10.546,0.001,-79.67
07:17.31,0.0,0.0,0.0,-0.0,Clear Day,0,0,0,0,Chase,0,0,-99.61,10.546,0.001,-79.67
07:17.48,0.0,0.0,0.0,-0.0,Clear Day,0,0,0,0,Chase,0,0,-99.61,10.546,0.001,-79.67
07:17.64,0.0,0.0,0.0,-0.0,Clear Day,0,0,0,0,Chase,0,0,-99.61,10.546,0.001,-79.67
07:17.81,0.0,0.0,0.0,-0.0,Clear Day,0,0,0,0,Chase,0,0,-99.61,10.546,0.001,-79.67
07:17.97,0.0,0.0,0.0,-0.0,Clear Day,0,0,0,0,Chase,0,0,-99.61,10.546,0.001,-79.67
07:18.14,0.0,0.0,0.0,-0.0,Clear Day,0,0,0,0,Chase,0,0,-99.61,10.546,0.001,-79.67
07:18.31,0.0,0.0,0.0,-0.0,Clear Day,0,0,0,0,Chase,0,0,-99.61,10.546,0.001,-79.67
07:18.48,0.0,0.0,0.0,-0.0,Clear Day,0,0,0,0,Chase,0,0,-99.61,10.546,0.001,-79.67
07:18.65,0.0,0.0,0.0,-0.0,Clear Day,0,0,0,0,Chase,0,0,-99.61,10.546,0.001,-79.67
07:18.81,0.0,0.0,0.0,-0.0,Clear Day,0,0,0,0,Chase,0,0,-99.61,10.546,0.001,-79.67
07:18.98,0.0,0.0,0.0,-0.0,Clear Day,0,0,0,0,Chase,0,0,-99.61,10.546,0.001,-79.67
07:19.14,0.0,0.0,0.0,-0.0,Clear Day,0,0,0,0,Chase,0,0,-99.61,10.546,0.001,-79.67
07:19.31,0.0,0.0,0.0,-0.0,Clear Day,0,0,0,0,Chase,0,0,-99.61,10.546,0.001,-79.67
07:19.48,0.0,0.0,0.0,-0.0,Clear Day,0,0,0,0,Chase,0,0,-99.61,10.546,0.001,-79.67
07:19.65,0.0,0.0,0.0,-0.0,Clear Day,0,0,0,0,Chase,0,0,-99.61,10.546,0.001,-79.67
07:19.81,0.0,0.0,0.0,-0.0,Clear Day,0,0,0,0,Chase,0,0,-99.61,10.546,0.001,-79.67
07:19.98,0.0,0.0,0.0,-0.0,Clear Day,0,0,0,0,Chase,0,0,-99.61,10.546,0.001,-79.67
07:20.14,0.0,0.0,0.0,-0.0,Clear Day,0,0,0,0,Chase,0,0,-99.61,10.546,0.001,-79.67
07:20.31,0.0,0.0,0.0,-0.0,Clear Day,0,0,0,0,Chase,0,0,-99.61,10.546,0.001,-79.67
07:20.48,0.0,0.0,0.0,-0.0,Clear Day,0,0,0,0,Chase,0,0,-99.61,10.546,0.001,-79.67
07:20.64,0.0,0.0,0.0,-0.0,Clear Day,0,0,0,0,Chase,0,0,-99.61,10.546,0.001,-79.67
07:20.82,0.0,0.0,0.0,-0.0,Clear Day,0,0,0,0,Chase,0,0,-99.61,10.546,0.001,-79.67
07:20.98,0.0,0.0,0.0,-0.0,Clear Day,0,0,0,0,Chase,0,0,-99.61,10.546,0.001,-79.67
07:21.15,0.0,0.0,0.0,-0.0,Clear Day,0,0,0,0,Chase,0,0,-99.61,10.546,0.001,-79.67
07:21.32,0.0,0.0,0.0,-0.0,Clear Day,0,0,0,0,Chase,0,0,-99.61,10.546,0.001,-79.67
07:21.48,0.0,0.0,0.0,-0.0,Clear Day,0,0,0,0,Chase,0,0,-99.61,10.546,0.001,-79.67
07:21.65,0.0,0.0,0.0,-0.0,Clear Day,0,0,0,0,Chase,0,0,-99.61,10.546,0.001,-79.67
07:21.81,0.0,0.0,0.0,-0.0,Clear Day,0,0,0,0,Chase,0,0,-99.61,10.546,0.001,-79.67
07:21.98,0.0,0.0,0.0,-0.0,Clear Day,0,0,0,0,Chase,0,0,-99.61,10.546,0.001,-79.67
07:22.15,0.0,0.0,0.0,-0.0,Clear Day,0,0,0,0,Chase,0,0,-99.61,10.546,0.001,-79.67
07:22.32,0.0,0.0,0.0,-0.0,Clear Day,0,0,0,0,Chase,0,0,-99.61,10.546,0.001,-79.67
07:22.48,0.0,0.0,0.0,-0.0,Clear Day,0,0,0,0,Chase,0,0,-99.61,10.546,0.001,-79.67
07:22.65,0.0,0.0,0.0,-0.0,Clear Day,0,0,0,0,Chase,0,0,-99.61,10.546,0.001,-79.67
07:22.81,0.0,0.0,0.0,-0.0,Clear Day,0,0,0,0,Chase,0,0,-99.61,10.546,0.001,-79.67
07:22.98,0.0,0.0,0.0,-0.0,Clear Day,0,0,0,0,Chase,0,0,-99.61,10.546,0.001,-79.67
07:23.15,0.0,0.0,0.0,-0.0,Clear Day,0,0,0,0,Chase,0,0,-99.61,10.546,0.001,-79.67
07:23.31,0.0,0.0,0.0,-0.0,Clear Day,0,0,0,0,Chase,0,0,-99.61,10.546,0.001,-79.67
07:23.48,0.0,0.0,0.0,-0.0,Clear Day,0,0,0,0,Chase,0,0,-99.61,10.546,0.001,-79.67
07:23.64,0.0,0.0,0.0,-0.0,Clear Day,0,0,0,0,Chase,0,0,-99.61,10.546,0.001,-79.67
07:23.81,0.0,0.0,0.0,-0.0,Clear Day,0,0,0,0,Chase,0,0,-99.61,10.546,0.001,-79.67
07:23.98,0.0,0.0,0.0,-0.0,Clear Day,0,0,0,0,Chase,0,0,-99.61,10.546,0.001,-79.67
07:24.15,0.0,0.0,0.0,-0.0,Clear Day,0,0,0,0,Chase,0,0,-99.61,10.546,0.001,-79.67
07:24.32,0.0,0.0,0.0,-0.0,Clear Day,0,0,0,0,Chase,0,0,-99.61,10.546,0.001,-79.67
07:24.49,0.0,0.0,0.0,-0.0,Clear Day,0,0,0,0,Chase,0,0,-99.61,10.546,0.001,-79.67
07:24.65,0.0,0.0,0.0,-0.0,Clear Day,0,0,0,0,Chase,0,0,-99.61,10.546,0.001,-79.67
07:24.82,0.0,0.0,0.0,-0.0,Clear Day,0,0,0,0,Chase,0,0,-99.61,10.546,0.001,-79.67
07:24.99,0.0,0.0,0.0,-0.0,Clear Day,0,0,0,0,Chase,0,0,-99.61,10.546,0.001,-79.67
07:25.15,0.0,0.0,0.0,-0.0,Clear Day,0,0,0,0,Chase,0,0,-99.61,10.546,0.001,-79.67
07:25.32,0.0,0.0,0.0,-0.0,Clear Day,0,0,0,0,Chase,0,0,-99.61,10.546,0.001,-79.67
07:25.49,0.0,0.0,0.0,-0.0,Clear Day,0,0,0,0,Chase,0,0,-99.61,10.546,0.001,-79.67
07:25.65,0.0,0.0,0.0,-0.0,Clear Day,0,0,0,0,Chase,0,0,-99.61,10.546,0.001,-79.67
07:25.82,0.0,0.0,0.0,-0.0,Clear Day,0,0,0,0,Chase,0,0,-99.61,10.546,0.001,-79.67
07:25.99,0.0,0.0,0.0,-0.0,Clear Day,0,0,0,0,Chase,0,0,-99.61,10.546,0.001,-79.67
07:26.15,0.0,0.0,0.0,-0.0,Clear Day,0,0,0,0,Chase,0,0,-99.61,10.546,0.001,-79.67
07:26.32,0.0,0.0,0.0,-0.0,Clear Day,0,0,0,0,Chase,0,0,-99.61,10.546,0.001,-79.67
07:26.48,0.0,0.0,0.0,-0.0,Clear Day,0,0,0,0,Chase,0,0,-99.61,10.546,0.001,-79.67
07:26.65,0.0,0.0,0.0,-0.0,Clear Day,0,0,0,0,Chase,0,0,-99.61,10.546,0.001,-79.67
07:26.82,0.0,0.0,0.0,-0.0,Clear Day,0,0,0,0,Chase,0,0,-99.61,10.546,0.001,-79.67
07:26.98,0.0,0.0,0.0,-0.0,Clear Day,0,0,0,0,Chase,0,0,-99.61,10.546,0.001,-79.67
07:27.15,0.0,0.0,0.0,-0.0,Clear Day,0,0,0,0,Chase,0,0,-99.61,10.546,0.001,-79.67
07:27.32,0.0,0.0,0.0,-0.0,Clear Day,0,0,0,0,Chase,0,0,-99.61,10.546,0.001,-79.67
07:27.48,0.0,0.0,0.0,-0.0,Clear Day,0,0,0,0,Chase,0,0,-99.61,10.546,0.001,-79.67
07:27.65,0.0,0.0,0.0,-0.0,Clear Day,0,0,0,0,Chase,0,0,-99.61,10.546,0.001,-79.67
07:27.82,0.0,0.0,0.0,-0.0,Clear Day,0,0,0,0,Chase,0,0,-99.61,10.546,0.001,-79.67
07:27.99,0.0,0.0,0.0,-0.0,Clear Day,0,0,0,0,Chase,0,0,-99.61,10.546,0.001,-79.67
07:28.16,0.0,0.0,0.0,-0.0,Clear Day,0,0,0,0,Chase,0,0,-99.61,10.546,0.001,-79.67
07:28.32,0.0,0.0,0.0,-0.0,Clear Day,0,0,0,0,Chase,0,0,-99.61,10.546,0.001,-79.67
07:28.49,0.0,0.0,0.0,-0.0,Clear Day,0,0,0,0,Chase,0,0,-99.61,10.546,0.001,-79.67
07:28.65,0.0,0.0,0.0,-0.0,Clear Day,0,0,0,0,Chase,0,0,-99.61,10.546,0.001,-79.67
07:28.82,0.0,0.0,0.0,-0.0,Clear Day,0,0,0,0,Chase,0,0,-99.61,10.546,0.001,-79.67
07:28.99,0.0,0.0,0.0,-0.0,Clear Day,0,0,0,0,Chase,0,0,-99.61,10.546,0.001,-79.67
07:29.16,0.0,0.0,0.0,-0.0,Clear Day,0,0,0,0,Chase,0,0,-99.61,10.546,0.001,-79.67
07:29.32,0.0,0.0,0.0,-0.0,Clear Day,0,0,0,0,Chase,0,0,-99.61,10.546,0.001,-79.67
07:29.49,0.0,0.0,0.0,-0.0,Clear Day,0,0,0,0,Chase,0,0,-99.61,10.546,0.001,-79.67
07:29.66,0.0,0.0,0.0,-0.0,Clear Day,0,0,0,0,Chase,0,0,-99.61,10.546,0.001,-79.67
07:29.82,0.0,0.0,0.0,-0.0,Clear Day,0,0,0,0,Chase,0,0,-99.61,10.546,0.001,-79.67
07:29.99,0.0,0.0,0.0,-0.0,Clear Day,0,0,0,0,Chase,0,0,-99.61,10.546,0.001,-79.67
07:30.15,0.0,0.0,0.0,-0.0,Clear Day,0,0,0,0,Chase,0,0,-99.61,10.546,0.001,-79.67
07:30.32,0.0,0.0,0.0,-0.0,Clear Day,0,0,0,0,Chase,0,0,-99.61,10.546,0.001,-79.67
07:30.49,0.0,0.0,0.0,-0.0,Clear Day,0,0,0,0,Chase,0,0,-99.61,10.546,0.001,-79.67
07:30.65,0.0,0.0,0.0,-0.0,Clear Day,0,0,0,0,Chase,0,0,-99.61,10.546,0.001,-79.67
07:30.82,0.0,0.0,0.0,-0.0,Clear Day,0,0,0,0,Chase,0,0,-99.61,10.546,0.001,-79.67
07:30.99,0.0,0.0,0.0,-0.0,Clear Day,0,0,0,0,Chase,0,0,-99.61,10.546,0.001,-79.67
07:31.16,0.0,0.0,0.0,-0.0,Clear Day,0,0,0,0,Chase,0,0,-99.61,10.546,0.001,-79.67
07:31.32,0.0,0.0,0.0,-0.0,Clear Day,0,0,0,0,Chase,0,0,-99.61,10.546,0.001,-79.67
07:31.49,0.0,0.0,0.0,-0.0,Clear Day,0,0,0,0,Chase,0,0,-99.61,10.546,0.001,-79.67
07:31.65,0.0,0.0,0.0,-0.0,Clear Day,0,0,0,0,Chase,0,0,-99.61,10.546,0.001,-79.67
07:31.82,0.0,0.0,0.0,-0.0,Clear Day,0,0,0,0,Chase,0,0,-99.61,10.546,0.001,-79.67
07:31.98,0.0,0.0,0.0,-0.0,Clear Day,0,0,0,0,Chase,0,0,-99.61,10.546,0.001,-79.67
07:32.15,0.0,0.0,0.0,-0.0,Clear Day,0,0,0,0,Chase,0,0,-99.61,10.546,0.001,-79.67
07:32.32,0.0,0.0,0.0,-0.0,Clear Day,0,0,0,0,Chase,0,0,-99.61,10.546,0.001,-79.67
07:32.48,0.0,0.0,0.0,-0.0,Clear Day,0,0,0,0,Chase,0,0,-99.61,10.546,0.001,-79.67
07:32.65,0.0,0.0,0.0,-0.0,Clear Day,0,0,0,0,Chase,0,0,-99.61,10.546,0.001,-79.67
07:32.82,0.0,0.0,0.0,-0.0,Clear Day,0,0,0,0,Chase,0,0,-99.61,10.546,0.001,-79.67
07:32.99,0.0,0.0,0.0,-0.0,Clear Day,0,0,0,0,Chase,0,0,-99.61,10.546,0.001,-79.67
07:33.15,0.0,0.0,0.0,-0.0,Clear Day,0,0,0,0,Chase,0,0,-99.61,10.546,0.001,-79.67
07:33.32,0.0,0.0,0.0,-0.0,Clear Day,0,0,0,0,Chase,0,0,-99.61,10.546,0.001,-79.67
07:33.49,0.0,0.0,0.0,-0.0,Clear Day,0,0,0,0,Chase,0,0,-99.61,10.546,0.001,-79.67
07:33.66,0.0,0.0,0.0,-0.0,Clear Day,0,0,0,0,Chase,0,0,-99.61,10.546,0.001,-79.67
07:33.82,0.0,0.0,0.0,-0.0,Clear Day,0,0,0,0,Chase,0,0,-99.61,10.546,0.001,-79.67
07:33.99,0.0,0.0,0.0,-0.0,Clear Day,0,0,0,0,Chase,0,0,-99.61,10.546,0.001,-79.67
07:34.16,0.0,0.0,0.0,-0.0,Clear Day,0,0,0,0,Chase,0,0,-99.61,10.546,0.001,-79.67
07:34.33,0.0,0.0,0.0,-0.0,Clear Day,0,0,0,0,Chase,0,0,-99.61,10.546,0.001,-79.67
07:34.49,0.0,0.0,0.0,-0.0,Clear Day,0,0,0,0,Chase,0,0,-99.61,10.546,0.001,-79.67
07:34.66,0.0,0.0,0.0,-0.0,Clear Day,0,0,0,0,Chase,0,0,-99.61,10.546,0.001,-79.67
07:34.83,0.0,0.0,0.0,-0.0,Clear Day,0,0,0,0,Chase,0,0,-99.61,10.546,0.001,-79.67
07:34.99,0.0,0.0,0.0,-0.0,Clear Day,0,0,0,0,Chase,0,0,-99.61,10.546,0.001,-79.67
07:35.16,0.0,0.0,0.0,-0.0,Clear Day,0,0,0,0,Chase,0,0,-99.61,10.546,0.001,-79.67
07:35.33,0.0,0.0,0.0,-0.0,Clear Day,0,0,0,0,Chase,0,0,-99.61,10.546,0.001,-79.67
07:35.49,0.0,0.0,0.0,-0.0,Clear Day,0,0,0,0,Chase,0,0,-99.61,10.546,0.001,-79.67
07:35.66,0.0,0.0,0.0,-0.0,Clear Day,0,0,0,0,Chase,0,0,-99.61,10.546,0.001,-79.67
07:35.83,0.0,0.0,0.0,-0.0,Clear Day,0,0,0,0,Chase,0,0,-99.61,10.546,0.001,-79.67
07:36.00,0.0,0.0,0.0,-0.0,Clear Day,0,0,0,0,Chase,0,0,-99.61,10.546,0.001,-79.67
07:36.16,0.0,0.0,0.0,-0.0,Clear Day,0,0,0,0,Chase,0,0,-99.61,10.546,0.001,-79.67
07:36.33,0.0,0.0,0.0,-0.0,Clear Day,0,0,0,0,Chase,0,0,-99.61,10.546,0.001,-79.67
07:36.49,0.0,0.0,0.0,-0.0,Clear Day,0,0,0,0,Chase,0,0,-99.61,10.546,0.001,-79.67
07:36.66,0.0,0.0,0.0,-0.0,Clear Day,0,0,0,0,Chase,0,0,-99.61,10.546,0.001,-79.67
07:36.82,0.0,0.0,0.0,-0.0,Clear Day,0,0,0,0,Chase,0,0,-99.61,10.546,0.001,-79.67
07:36.99,0.0,0.0,0.0,-0.0,Clear Day,0,0,0,0,Chase,0,0,-99.61,10.546,0.001,-79.67
07:37.18,0.0,0.0,0.0,-0.0,Clear Day,0,0,0,0,Chase,0,0,-99.61,10.546,0.001,-79.67
07:37.35,0.0,0.0,0.0,-0.0,Clear Day,0,0,0,0,Chase,0,0,-99.61,10.546,0.001,-79.67
07:37.51,0.0,0.0,0.0,-0.0,Clear Day,0,0,0,0,Chase,0,0,-99.61,10.546,0.001,-79.67
07:37.68,0.0,0.0,0.0,-0.0,Clear Day,0,0,0,0,Chase,0,0,-99.61,10.546,0.001,-79.67
07:37.85,0.0,0.0,0.0,-0.0,Clear Day,0,0,0,0,Chase,0,0,-99.61,10.546,0.001,-79.67
07:38.02,0.0,0.0,0.0,-0.0,Clear Day,0,0,0,0,Chase,0,0,-99.61,10.546,0.001,-79.67
07:38.19,0.0,0.0,0.0,-0.0,Clear Day,0,0,0,0,Chase,0,0,-99.61,10.546,0.001,-79.67
07:38.36,0.0,0.0,0.0,-0.0,Clear Day,0,0,0,0,Chase,0,0,-99.61,10.546,0.001,-79.67
07:38.53,0.0,0.0,0.0,-0.0,Clear Day,0,0,0,0,Chase,0,0,-99.61,10.546,0.001,-79.67
07:38.70,0.0,0.0,0.0,-0.0,Clear Day,0,0,0,0,Chase,0,0,-99.61,10.546,0.001,-79.67
07:38.87,0.0,0.0,0.0,-0.0,Clear Day,0,0,0,0,Chase,0,0,-99.61,10.546,0.001,-79.67
07:39.04,0.0,0.0,0.0,-0.0,Clear Day,0,0,0,0,Chase,0,0,-99.61,10.546,0.001,-79.67
07:39.21,0.0,0.0,0.0,-0.0,Clear Day,0,0,0,0,Chase,0,0,-99.61,10.546,0.001,-79.67
07:39.38,0.0,0.0,0.0,-0.0,Clear Day,0,0,0,0,Chase,0,0,-99.61,10.546,0.001,-79.67
07:39.55,0.0,0.0,0.0,-0.0,Clear Day,0,0,0,0,Chase,0,0,-99.61,10.546,0.001,-79.67
07:39.72,0.0,0.0,0.0,-0.0,Clear Day,0,0,0,0,Chase,0,0,-99.61,10.546,0.001,-79.67
07:39.88,0.0,0.0,0.0,-0.0,Clear Day,0,0,0,0,Chase,0,0,-99.61,10.546,0.001,-79.67
07:40.05,0.0,0.0,0.0,-0.0,Clear Day,0,0,0,0,Chase,0,0,-99.61,10.546,0.001,-79.67
07:40.21,0.0,0.0,0.0,-0.0,Clear Day,0,0,0,0,Chase,0,0,-99.61,10.546,0.001,-79.67
07:40.38,0.0,0.0,0.0,-0.0,Clear Day,0,0,0,0,Chase,0,0,-99.61,10.546,0.001,-79.67
07:40.54,0.0,0.0,0.0,-0.0,Clear Day,0,0,0,0,Chase,0,0,-99.61,10.546,0.001,-79.67
07:40.72,0.0,0.0,0.0,-0.0,Clear Day,0,0,0,0,Chase,0,0,-99.61,10.546,0.001,-79.67
07:40.88,0.0,0.0,0.0,-0.0,Clear Day,0,0,0,0,Chase,0,0,-99.61,10.546,0.001,-79.67
07:41.05,0.0,0.0,0.0,-0.0,Clear Day,0,0,0,0,Chase,0,0,-99.61,10.546,0.001,-79.67
07:41.21,0.0,0.0,0.0,-0.0,Clear Day,0,0,0,0,Chase,0,0,-99.61,10.546,0.001,-79.67
07:41.38,0.0,0.0,0.0,-0.0,Clear Day,0,0,0,0,Chase,0,0,-99.61,10.546,0.001,-79.67
07:41.54,0.0,0.0,0.0,-0.0,Clear Day,0,0,0,0,Chase,0,0,-99.61,10.546,0.001,-79.67
07:41.72,0.0,0.0,0.0,-0.0,Clear Day,0,0,0,0,Chase,0,0,-99.61,10.546,0.001,-79.67
07:41.88,0.0,0.0,0.0,-0.0,Clear Day,0,0,0,0,Chase,0,0,-99.61,10.546,0.001,-79.67
07:42.05,0.0,0.0,0.0,-0.0,Clear Day,0,0,0,0,Chase,0,0,-99.61,10.546,0.001,-79.67
07:42.22,0.0,0.0,0.0,-0.0,Clear Day,0,0,0,0,Chase,0,0,-99.61,10.546,0.001,-79.67
07:42.39,0.0,0.0,0.0,-0.0,Clear Day,0,0,0,0,Chase,0,0,-99.61,10.546,0.001,-79.67
07:42.55,0.0,0.0,0.0,-0.0,Clear Day,0,0,0,0,Chase,0,0,-99.61,10.546,0.001,-79.67
07:42.72,0.0,0.0,0.0,-0.0,Clear Day,0,0,0,0,Chase,0,0,-99.61,10.546,0.001,-79.67
07:42.88,0.0,0.0,0.0,-0.0,Clear Day,0,0,0,0,Chase,0,0,-99.61,10.546,0.001,-79.67
07:43.05,0.0,0.0,0.0,-0.0,Clear Day,0,0,0,0,Chase,0,0,-99.61,10.546,0.001,-79.67
07:43.21,0.0,0.0,0.0,-0.0,Clear Day,0,0,0,0,Chase,0,0,-99.61,10.546,0.001,-79.67
07:43.38,0.0,0.0,0.0,-0.0,Clear Day,0,0,0,0,Chase,0,0,-99.61,10.546,0.001,-79.67
07:43.55,0.0,0.0,0.0,-0.0,Clear Day,0,0,0,0,Chase,0,0,-99.61,10.546,0.001,-79.67
07:43.71,0.0,0.0,0.0,-0.0,Clear Day,0,0,0,0,Chase,0,0,-99.61,10.546,0.001,-79.67
07:43.88,0.0,0.0,0.0,-0.0,Clear Day,0,0,0,0,Chase,0,0,-99.61,10.546,0.001,-79.67
07:44.04,0.0,0.0,0.0,-0.0,Clear Day,0,0,0,0,Chase,0,0,-99.61,10.546,0.001,-79.67
07:44.21,0.0,0.0,0.0,-0.0,Clear Day,0,0,0,0,Chase,0,0,-99.61,10.546,0.001,-79.67
07:44.38,0.0,0.0,0.0,-0.0,Clear Day,0,0,0,0,Chase,0,0,-99.61,10.546,0.001,-79.67
07:44.54,0.0,0.0,0.0,-0.0,Clear Day,0,0,0,0,Chase,0,0,-99.61,10.546,0.001,-79.67
07:44.71,0.0,0.0,0.0,-0.0,Clear Day,0,0,0,0,Chase,0,0,-99.61,10.546,0.001,-79.67
07:44.88,0.0,0.0,0.0,-0.0,Clear Day,0,0,0,0,Chase,0,0,-99.61,10.546,0.001,-79.67
07:45.04,0.0,0.0,0.0,-0.0,Clear Day,0,0,0,0,Chase,0,0,-99.61,10.546,0.001,-79.67
07:45.21,0.0,0.0,0.0,-0.0,Clear Day,0,0,0,0,Chase,0,0,-99.61,10.546,0.001,-79.67
07:45.38,0.0,0.0,0.0,-0.0,Clear Day,0,0,0,0,Chase,0,0,-99.61,10.546,0.001,-79.67
07:45.55,0.0,0.0,0.0,-0.0,Clear Day,0,0,0,0,Chase,0,0,-99.61,10.546,0.001,-79.67
07:45.72,0.0,0.0,0.0,-0.0,Clear Day,0,0,0,0,Chase,0,0,-99.61,10.546,0.001,-79.67
07:45.88,0.0,0.0,0.0,-0.0,Clear Day,0,0,0,0,Chase,0,0,-99.61,10.546,0.001,-79.67
07:46.05,0.0,0.0,0.0,-0.0,Clear Day,0,0,0,0,Chase,0,0,-99.61,10.546,0.001,-79.67
07:46.22,0.0,0.0,0.0,-0.0,Clear Day,0,0,0,0,Chase,0,0,-99.61,10.546,0.001,-79.67
07:46.38,0.0,0.0,0.0,-0.0,Clear Day,0,0,0,0,Chase,0,0,-99.61,10.546,0.001,-79.67
07:46.55,0.0,0.0,0.0,-0.0,Clear Day,0,0,0,0,Chase,0,0,-99.61,10.546,0.001,-79.67
07:46.72,0.0,0.0,0.0,-0.0,Clear Day,0,0,0,0,Chase,0,0,-99.61,10.546,0.001,-79.67
07:46.89,0.0,0.0,0.0,-0.0,Clear Day,0,0,0,0,Chase,0,0,-99.61,10.546,0.001,-79.67
07:47.06,0.0,0.0,0.0,-0.0,Clear Day,0,0,0,0,Chase,0,0,-99.61,10.546,0.001,-79.67
07:47.22,0.0,0.0,0.0,-0.0,Clear Day,0,0,0,0,Chase,0,0,-99.61,10.546,0.001,-79.67
07:47.39,0.0,0.0,0.0,-0.0,Clear Day,0,0,0,0,Chase,0,0,-99.61,10.546,0.001,-79.67
07:47.56,0.0,0.0,0.0,-0.0,Clear Day,0,0,0,0,Chase,0,0,-99.61,10.546,0.001,-79.67
07:47.72,0.0,0.0,0.0,-0.0,Clear Day,0,0,0,0,Chase,0,0,-99.61,10.546,0.001,-79.67
07:47.89,0.0,0.0,0.0,-0.0,Clear Day,0,0,0,0,Chase,0,0,-99.61,10.546,0.001,-79.67
07:48.07,0.0,0.0,0.0,-0.0,Clear Day,0,0,0,0,Chase,0,0,-99.61,10.546,0.001,-79.67
07:48.24,0.0,0.0,0.0,-0.0,Clear Day,0,0,0,0,Chase,0,0,-99.61,10.546,0.001,-79.67
07:48.41,0.0,0.0,0.0,-0.0,Clear Day,0,0,0,0,Chase,0,0,-99.61,10.546,0.001,-79.67
07:48.58,0.0,0.0,0.0,-0.0,Clear Day,0,0,0,0,Chase,0,0,-99.61,10.546,0.001,-79.67
07:48.74,0.0,0.0,0.0,-0.0,Clear Day,0,0,0,0,Chase,0,0,-99.61,10.546,0.001,-79.67
07:48.91,0.0,0.0,0.0,-0.0,Clear Day,0,0,0,0,Chase,0,0,-99.61,10.546,0.001,-79.67
07:49.08,0.0,0.0,0.0,-0.0,Clear Day,0,0,0,0,Chase,0,0,-99.61,10.546,0.001,-79.67
07:49.25,0.0,0.0,0.0,-0.0,Clear Day,0,0,0,0,Chase,0,0,-99.61,10.546,0.001,-79.67
07:49.42,0.0,0.0,0.0,-0.0,Clear Day,0,0,0,0,Chase,0,0,-99.61,10.546,0.001,-79.67
07:49.58,0.0,0.0,0.0,-0.0,Clear Day,0,0,0,0,Chase,0,0,-99.61,10.546,0.001,-79.67
07:49.75,0.0,0.0,0.0,-0.0,Clear Day,0,0,0,0,Chase,0,0,-99.61,10.546,0.001,-79.67
07:49.92,0.0,0.0,0.0,-0.0,Clear Day,0,0,0,0,Chase,0,0,-99.61,10.546,0.001,-79.67
07:50.09,0.0,0.0,0.0,-0.0,Clear Day,0,0,0,0,Chase,0,0,-99.61,10.546,0.001,-79.67
07:50.26,0.0,0.0,0.0,-0.0,Clear Day,0,0,0,0,Chase,0,0,-99.61,10.546,0.001,-79.67
07:50.43,0.0,0.0,0.0,-0.0,Clear Day,0,0,0,0,Chase,0,0,-99.61,10.546,0.001,-79.67
07:50.59,0.0,0.0,0.0,-0.0,Clear Day,0,0,0,0,Chase,0,0,-99.61,10.546,0.001,-79.67
07:50.76,0.0,0.0,0.0,-0.0,Clear Day,0,0,0,0,Chase,0,0,-99.61,10.546,0.001,-79.67
07:50.92,0.0,0.0,0.0,-0.0,Clear Day,0,0,0,0,Chase,0,0,-99.61,10.546,0.001,-79.67
07:51.09,0.0,0.0,0.0,-0.0,Clear Day,0,0,0,0,Chase,0,0,-99.61,10.546,0.001,-79.67
07:51.25,0.0,0.0,0.0,-0.0,Clear Day,0,0,0,0,Chase,0,0,-99.61,10.546,0.001,-79.67
07:51.42,0.0,0.0,0.0,-0.0,Clear Day,0,0,0,0,Chase,0,0,-99.61,10.546,0.001,-79.67
07:51.59,0.0,0.0,0.0,-0.0,Clear Day,0,0,0,0,Chase,0,0,-99.61,10.546,0.001,-79.67
07:51.75,0.0,0.0,0.0,-0.0,Clear Day,0,0,0,0,Chase,0,0,-99.61,10.546,0.001,-79.67
07:51.92,0.0,0.0,0.0,-0.0,Clear Day,0,0,0,0,Chase,0,0,-99.61,10.546,0.001,-79.67
07:52.09,0.0,0.0,0.0,-0.0,Clear Day,0,0,0,0,Chase,0,0,-99.61,10.546,0.001,-79.67
07:52.25,0.0,0.0,0.0,-0.0,Clear Day,0,0,0,0,Chase,0,0,-99.61,10.546,0.001,-79.67
07:52.42,0.0,0.0,0.0,-0.0,Clear Day,0,0,0,0,Chase,0,0,-99.61,10.546,0.001,-79.67
07:52.59,0.0,0.0,0.0,-0.0,Clear Day,0,0,0,0,Chase,0,0,-99.61,10.546,0.001,-79.67
07:52.76,0.0,0.0,0.0,-0.0,Clear Day,0,0,0,0,Chase,0,0,-99.61,10.546,0.001,-79.67
07:52.92,0.0,0.0,0.0,-0.0,Clear Day,0,0,0,0,Chase,0,0,-99.61,10.546,0.001,-79.67
07:53.09,0.0,0.0,0.0,-0.0,Clear Day,0,0,0,0,Chase,0,0,-99.61,10.546,0.001,-79.67
07:53.26,0.0,0.0,0.0,-0.0,Clear Day,0,0,0,0,Chase,0,0,-99.61,10.546,0.001,-79.67
07:53.43,0.0,0.0,0.0,-0.0,Clear Day,0,0,0,0,Chase,0,0,-99.61,10.546,0.001,-79.67
07:53.59,0.0,0.0,0.0,-0.0,Clear Day,0,0,0,0,Chase,0,0,-99.61,10.546,0.001,-79.67
07:53.76,0.0,0.0,0.0,-0.0,Clear Day,0,0,0,0,Chase,0,0,-99.61,10.546,0.001,-79.67
07:53.92,0.0,0.0,0.0,-0.0,Clear Day,0,0,0,0,Chase,0,0,-99.61,10.546,0.001,-79.67
07:54.09,0.0,0.0,0.0,-0.0,Clear Day,0,0,0,0,Chase,0,0,-99.61,10.546,0.001,-79.67
07:54.26,0.0,0.0,0.0,-0.0,Clear Day,0,0,0,0,Chase,0,0,-99.61,10.546,0.001,-79.67
07:54.42,0.0,0.0,0.0,-0.0,Clear Day,0,0,0,0,Chase,0,0,-99.61,10.546,0.001,-79.67
07:54.59,0.0,0.0,0.0,-0.0,Clear Day,0,0,0,0,Chase,0,0,-99.61,10.546,0.001,-79.67
07:54.75,0.0,0.0,0.0,-0.0,Clear Day,0,0,0,0,Chase,0,0,-99.61,10.546,0.001,-79.67
07:54.92,0.0,0.0,0.0,-0.0,Clear Day,0,0,0,0,Chase,0,0,-99.61,10.546,0.001,-79.67
07:55.09,0.0,0.0,0.0,-0.0,Clear Day,0,0,0,0,Chase,0,0,-99.61,10.546,0.001,-79.67
07:55.25,0.0,0.0,0.0,-0.0,Clear Day,0,0,0,0,Chase,0,0,-99.61,10.546,0.001,-79.67
07:55.42,0.0,0.0,0.0,-0.0,Clear Day,0,0,0,0,Chase,0,0,-99.61,10.546,0.001,-79.67
07:55.58,0.0,0.0,0.0,-0.0,Clear Day,0,0,0,0,Chase,0,0,-99.61,10.546,0.001,-79.67
07:55.75,0.0,0.0,0.0,-0.0,Clear Day,0,0,0,0,Chase,0,0,-99.61,10.546,0.001,-79.67
07:55.92,0.0,0.0,0.0,-0.0,Clear Day,0,0,0,0,Chase,0,0,-99.61,10.546,0.001,-79.67
07:56.09,0.0,0.0,0.0,-0.0,Clear Day,0,0,0,0,Chase,0,0,-99.61,10.546,0.001,-79.67
07:56.25,0.0,0.0,0.0,-0.0,Clear Day,0,0,0,0,Chase,0,0,-99.61,10.546,0.001,-79.67
07:56.42,0.0,0.0,0.0,-0.0,Clear Day,0,0,0,0,Chase,0,0,-99.61,10.546,0.001,-79.67
07:56.59,0.0,0.0,0.0,-0.0,Clear Day,0,0,0,0,Chase,0,0,-99.61,10.546,0.001,-79.67
07:56.76,0.0,0.0,0.0,-0.0,Clear Day,0,0,0,0,Chase,0,0,-99.61,10.546,0.001,-79.67
07:56.92,0.0,0.0,0.0,-0.0,Clear Day,0,0,0,0,Chase,0,0,-99.61,10.546,0.001,-79.67
07:57.09,0.0,0.0,0.0,-0.0,Clear Day,0,0,0,0,Chase,0,0,-99.61,10.546,0.001,-79.67
07:57.26,0.0,0.0,0.0,-0.0,Clear Day,0,0,0,0,Chase,0,0,-99.61,10.546,0.001,-79.67
07:57.42,0.0,0.0,0.0,-0.0,Clear Day,0,0,0,0,Chase,0,0,-99.61,10.546,0.001,-79.67
07:57.59,0.0,0.0,0.0,-0.0,Clear Day,0,0,0,0,Chase,0,0,-99.61,10.546,0.001,-79.67
07:57.76,0.0,0.0,0.0,-0.0,Clear Day,0,0,0,0,Chase,0,0,-99.61,10.546,0.001,-79.67
07:57.93,0.0,0.0,0.0,-0.0,Clear Day,0,0,0,0,Chase,0,0,-99.61,10.546,0.001,-79.67
07:58.09,0.0,0.0,0.0,-0.0,Clear Day,0,0,0,0,Chase,0,0,-99.61,10.546,0.001,-79.67
07:58.26,0.0,0.0,0.0,-0.0,Clear Day,0,0,0,0,Chase,0,0,-99.61,10.546,0.001,-79.67
07:58.42,0.0,0.0,0.0,-0.0,Clear Day,0,0,0,0,Chase,0,0,-99.61,10.546,0.001,-79.67
07:58.59,0.0,0.0,0.0,-0.0,Clear Day,0,0,0,0,Chase,0,0,-99.61,10.546,0.001,-79.67
07:58.76,0.0,0.0,0.0,-0.0,Clear Day,0,0,0,0,Chase,0,0,-99.61,10.546,0.001,-79.67
07:58.92,0.0,0.0,0.0,-0.0,Clear Day,0,0,0,0,Chase,0,0,-99.61,10.546,0.001,-79.67
07:59.09,0.0,0.0,0.0,-0.0,Clear Day,0,0,0,0,Chase,0,0,-99.61,10.546,0.001,-79.67
07:59.26,0.0,0.0,0.0,-0.0,Clear Day,0,0,0,0,Chase,0,0,-99.61,10.546,0.001,-79.67
07:59.42,0.0,0.0,0.0,-0.0,Clear Day,0,0,0,0,Chase,0,0,-99.61,10.546,0.001,-79.67
07:59.59,0.0,0.0,0.0,-0.0,Clear Day,0,0,0,0,Chase,0,0,-99.61,10.546,0.001,-79.67
07:59.76,0.0,0.0,0.0,-0.0,Clear Day,0,0,0,0,Chase,0,0,-99.61,10.546,0.001,-79.67
07:59.92,0.0,0.0,0.0,-0.0,Clear Day,0,0,0,0,Chase,0,0,-99.61,10.546,0.001,-79.67
08:00.09,0.0,0.0,0.0,-0.0,Clear Day,0,0,0,0,Chase,0,0,-99.61,10.546,0.001,-79.67
08:00.26,0.0,0.0,0.0,-0.0,Clear Day,0,0,0,0,Chase,0,0,-99.61,10.546,0.001,-79.67
08:00.42,0.0,0.0,0.0,-0.0,Clear Day,0,0,0,0,Chase,0,0,-99.61,10.546,0.001,-79.67
08:00.59,0.0,0.0,0.0,-0.0,Clear Day,0,0,0,0,Chase,0,0,-99.61,10.546,0.001,-79.67
08:00.76,0.0,0.0,0.0,-0.0,Clear Day,0,0,0,0,Chase,0,0,-99.61,10.546,0.001,-79.67
08:00.92,0.0,0.0,0.0,-0.0,Clear Day,0,0,0,0,Chase,0,0,-99.61,10.546,0.001,-79.67
08:01.09,0.0,0.0,0.0,-0.0,Clear Day,0,0,0,0,Chase,0,0,-99.61,10.546,0.001,-79.67
08:01.26,0.0,0.0,0.0,-0.0,Clear Day,0,0,0,0,Chase,0,0,-99.61,10.546,0.001,-79.67
08:01.42,0.0,0.0,0.0,-0.0,Clear Day,0,0,0,0,Chase,0,0,-99.61,10.546,0.001,-79.67
08:01.59,0.0,0.0,0.0,-0.0,Clear Day,0,0,0,0,Chase,0,0,-99.61,10.546,0.001,-79.67
08:01.76,0.0,0.0,0.0,-0.0,Clear Day,0,0,0,0,Chase,0,0,-99.61,10.546,0.001,-79.67
08:01.92,0.0,0.0,0.0,-0.0,Clear Day,0,0,0,0,Chase,0,0,-99.61,10.546,0.001,-79.67
08:02.09,0.0,0.0,0.0,-0.0,Clear Day,0,0,0,0,Chase,0,0,-99.61,10.546,0.001,-79.67
08:02.25,0.0,0.0,0.0,-0.0,Clear Day,0,0,0,0,Chase,0,0,-99.61,10.546,0.001,-79.67
08:02.42,0.0,0.0,0.0,-0.0,Clear Day,0,0,0,0,Chase,0,0,-99.61,10.546,0.001,-79.67
08:02.59,0.0,0.0,0.0,-0.0,Clear Day,0,0,0,0,Chase,0,0,-99.61,10.546,0.001,-79.67
08:02.75,0.0,0.0,0.0,-0.0,Clear Day,0,0,0,0,Chase,0,0,-99.61,10.546,0.001,-79.67
08:02.92,0.0,0.0,0.0,-0.0,Clear Day,0,0,0,0,Chase,0,0,-99.61,10.546,0.001,-79.67
08:03.09,0.0,0.0,0.0,-0.0,Clear Day,0,0,0,0,Chase,0,0,-99.61,10.546,0.001,-79.67
08:03.25,0.0,0.0,0.0,-0.0,Clear Day,0,0,0,0,Chase,0,0,-99.61,10.546,0.001,-79.67
08:03.42,0.0,0.0,0.0,-0.0,Clear Day,0,0,0,0,Chase,0,0,-99.61,10.546,0.001,-79.67
08:03.59,0.0,0.0,0.0,-0.0,Clear Day,0,0,0,0,Chase,0,0,-99.61,10.546,0.001,-79.67
08:03.75,0.0,0.0,0.0,-0.0,Clear Day,0,0,0,0,Chase,0,0,-99.61,10.546,0.001,-79.67
08:03.92,0.0,0.0,0.0,-0.0,Clear Day,0,0,0,0,Chase,0,0,-99.61,10.546,0.001,-79.67
08:04.09,0.0,0.0,0.0,-0.0,Clear Day,0,0,0,0,Chase,0,0,-99.61,10.546,0.001,-79.67
08:04.26,0.0,0.0,0.0,-0.0,Clear Day,0,0,0,0,Chase,0,0,-99.61,10.546,0.001,-79.67
08:04.43,0.0,0.0,0.0,-0.0,Clear Day,0,0,0,0,Chase,0,0,-99.61,10.546,0.001,-79.67
08:04.60,0.0,0.0,0.0,-0.0,Clear Day,0,0,0,0,Chase,0,0,-99.61,10.546,0.001,-79.67
08:04.77,0.0,0.0,0.0,-0.0,Clear Day,0,0,0,0,Chase,0,0,-99.61,10.546,0.001,-79.67
08:04.93,0.0,0.0,0.0,-0.0,Clear Day,0,0,0,0,Chase,0,0,-99.61,10.546,0.001,-79.67
08:05.09,0.0,0.0,0.0,-0.0,Clear Day,0,0,0,0,Chase,0,0,-99.61,10.546,0.001,-79.67
08:05.26,0.0,0.0,0.0,-0.0,Clear Day,0,0,0,0,Chase,0,0,-99.61,10.546,0.001,-79.67
08:05.43,0.0,0.0,0.0,-0.0,Clear Day,0,0,0,0,Chase,0,0,-99.61,10.546,0.001,-79.67
08:05.59,0.0,0.0,0.0,-0.0,Clear Day,0,0,0,0,Chase,0,0,-99.61,10.546,0.001,-79.67
08:05.76,0.0,0.0,0.0,-0.0,Clear Day,0,0,0,0,Chase,0,0,-99.61,10.546,0.001,-79.67
08:05.92,0.0,0.0,0.0,-0.0,Clear Day,0,0,0,0,Chase,0,0,-99.61,10.546,0.001,-79.67
08:06.09,0.0,0.0,0.0,-0.0,Clear Day,0,0,0,0,Chase,0,0,-99.61,10.546,0.001,-79.67
08:06.26,0.0,0.0,0.0,-0.0,Clear Day,0,0,0,0,Chase,0,0,-99.61,10.546,0.001,-79.67
08:06.42,0.0,0.0,0.0,-0.0,Clear Day,0,0,0,0,Chase,0,0,-99.61,10.546,0.001,-79.67
08:06.59,0.0,0.0,0.0,-0.0,Clear Day,0,0,0,0,Chase,0,0,-99.61,10.546,0.001,-79.67
08:06.75,0.0,0.0,0.0,-0.0,Clear Day,0,0,0,0,Chase,0,0,-99.61,10.546,0.001,-79.67
08:06.92,0.0,0.0,0.0,-0.0,Clear Day,0,0,0,0,Chase,0,0,-99.61,10.546,0.001,-79.67
08:07.09,0.0,0.0,0.0,-0.0,Clear Day,0,0,0,0,Chase,0,0,-99.61,10.546,0.001,-79.67
08:07.25,0.0,0.0,0.0,-0.0,Clear Day,0,0,0,0,Chase,0,0,-99.61,10.546,0.001,-79.67
08:07.42,0.0,0.0,0.0,-0.0,Clear Day,0,0,0,0,Chase,0,0,-99.61,10.546,0.001,-79.67
08:07.58,0.0,0.0,0.0,-0.0,Clear Day,0,0,0,0,Chase,0,0,-99.61,10.546,0.001,-79.67
08:07.75,0.0,0.0,0.0,-0.0,Clear Day,0,0,0,0,Chase,0,0,-99.61,10.546,0.001,-79.67
08:07.92,0.0,0.0,0.0,-0.0,Clear Day,0,0,0,0,Chase,0,0,-99.61,10.546,0.001,-79.67
08:08.09,0.0,0.0,0.0,-0.0,Clear Day,0,0,0,0,Chase,0,0,-99.61,10.546,0.001,-79.67
08:08.25,0.0,0.0,0.0,-0.0,Clear Day,0,0,0,0,Chase,0,0,-99.61,10.546,0.001,-79.67
08:08.42,0.0,0.0,0.0,-0.0,Clear Day,0,0,0,0,Chase,0,0,-99.61,10.546,0.001,-79.67
08:08.58,0.0,0.0,0.0,-0.0,Clear Day,0,0,0,0,Chase,0,0,-99.61,10.546,0.001,-79.67
08:08.75,0.0,0.0,0.0,-0.0,Clear Day,0,0,0,0,Chase,0,0,-99.61,10.546,0.001,-79.67
08:08.92,0.0,0.0,0.0,-0.0,Clear Day,0,0,0,0,Chase,0,0,-99.61,10.546,0.001,-79.67
08:09.09,0.0,0.0,0.0,-0.0,Clear Day,0,0,0,0,Chase,0,0,-99.61,10.546,0.001,-79.67
08:09.26,0.0,0.0,0.0,-0.0,Clear Day,0,0,0,0,Chase,0,0,-99.61,10.546,0.001,-79.67
08:09.42,0.0,0.0,0.0,-0.0,Clear Day,0,0,0,0,Chase,0,0,-99.61,10.546,0.001,-79.67
08:09.59,0.0,0.0,0.0,-0.0,Clear Day,0,0,0,0,Chase,0,0,-99.61,10.546,0.001,-79.67
08:09.76,0.0,0.0,0.0,-0.0,Clear Day,0,0,0,0,Chase,0,0,-99.61,10.546,0.001,-79.67
08:09.93,0.0,0.0,0.0,-0.0,Clear Day,0,0,0,0,Chase,0,0,-99.61,10.546,0.001,-79.67
08:10.09,0.0,0.0,0.0,-0.0,Clear Day,0,0,0,0,Chase,0,0,-99.61,10.546,0.001,-79.67
08:10.26,0.0,0.0,0.0,-0.0,Clear Day,0,0,0,0,Chase,0,0,-99.61,10.546,0.001,-79.67
08:10.43,0.0,0.0,0.0,-0.0,Clear Day,0,0,0,0,Chase,0,0,-99.61,10.546,0.001,-79.67
08:10.60,0.0,0.0,0.0,-0.0,Clear Day,0,0,0,0,Chase,0,0,-99.61,10.546,0.001,-79.67
08:10.76,0.0,0.0,0.0,-0.0,Clear Day,0,0,0,0,Chase,0,0,-99.61,10.546,0.001,-79.67
08:10.93,0.0,0.0,0.0,-0.0,Clear Day,0,0,0,0,Chase,0,0,-99.61,10.546,0.001,-79.67
08:11.10,0.0,0.0,0.0,-0.0,Clear Day,0,0,0,0,Chase,0,0,-99.61,10.546,0.001,-79.67
08:11.27,0.0,0.0,0.0,-0.0,Clear Day,0,0,0,0,Chase,0,0,-99.61,10.546,0.001,-79.67
08:11.44,0.0,0.0,0.0,-0.0,Clear Day,0,0,0,0,Chase,0,0,-99.61,10.546,0.001,-79.67
08:11.61,0.0,0.0,0.0,-0.0,Clear Day,0,0,0,0,Chase,0,0,-99.61,10.546,0.001,-79.67
08:11.78,0.0,0.0,0.0,-0.0,Clear Day,0,0,0,0,Chase,0,0,-99.61,10.546,0.001,-79.67
08:11.94,0.0,0.0,0.0,-0.0,Clear Day,0,0,0,0,Chase,0,0,-99.61,10.546,0.001,-79.67
08:12.11,0.0,0.0,0.0,-0.0,Clear Day,0,0,0,0,Chase,0,0,-99.61,10.546,0.001,-79.67
08:12.28,0.0,0.0,0.0,-0.0,Clear Day,0,0,0,0,Chase,0,0,-99.61,10.546,0.001,-79.67
08:12.45,0.0,0.0,0.0,-0.0,Clear Day,0,0,0,0,Chase,0,0,-99.61,10.546,0.001,-79.67
08:12.61,0.0,0.0,0.0,-0.0,Clear Day,0,0,0,0,Chase,0,0,-99.61,10.546,0.001,-79.67
08:12.78,0.0,0.0,0.0,-0.0,Clear Day,0,0,0,0,Chase,0,0,-99.61,10.546,0.001,-79.67
08:12.95,0.0,0.0,0.0,-0.0,Clear Day,0,0,0,0,Chase,0,0,-99.61,10.546,0.001,-79.67
08:13.12,0.0,0.0,0.0,-0.0,Clear Day,0,0,0,0,Chase,0,0,-99.61,10.546,0.001,-79.67
08:13.29,0.0,0.0,0.0,-0.0,Clear Day,0,0,0,0,Chase,0,0,-99.61,10.546,0.001,-79.67
08:13.46,0.0,0.0,0.0,-0.0,Clear Day,0,0,0,0,Chase,0,0,-99.61,10.546,0.001,-79.67
08:13.63,0.0,0.0,0.0,-0.0,Clear Day,0,0,0,0,Chase,0,0,-99.61,10.546,0.001,-79.67
08:13.79,0.0,0.0,0.0,-0.0,Clear Day,0,0,0,0,Chase,0,0,-99.61,10.546,0.001,-79.67
08:13.97,0.0,0.0,0.0,-0.0,Clear Day,0,0,0,0,Chase,0,0,-99.61,10.546,0.001,-79.67
08:14.14,0.0,0.0,0.0,-0.0,Clear Day,0,0,0,0,Chase,0,0,-99.61,10.546,0.001,-79.67
08:14.31,0.0,0.0,0.0,-0.0,Clear Day,0,0,0,0,Chase,0,0,-99.61,10.546,0.001,-79.67
08:14.48,0.0,0.0,0.0,-0.0,Clear Day,0,0,0,0,Chase,0,0,-99.61,10.546,0.001,-79.67
08:14.65,0.0,0.0,0.0,-0.0,Clear Day,0,0,0,0,Chase,0,0,-99.61,10.546,0.001,-79.67
08:14.81,0.0,0.0,0.0,-0.0,Clear Day,0,0,0,0,Chase,0,0,-99.61,10.546,0.001,-79.67
08:14.98,0.0,0.0,0.0,-0.0,Clear Day,0,0,0,0,Chase,0,0,-99.61,10.546,0.001,-79.67
08:15.14,0.0,0.0,0.0,-0.0,Clear Day,0,0,0,0,Chase,0,0,-99.61,10.546,0.001,-79.67
08:15.31,0.0,0.0,0.0,-0.0,Clear Day,0,0,0,0,Chase,0,0,-99.61,10.546,0.001,-79.67
08:15.47,0.0,0.0,0.0,-0.0,Clear Day,0,0,0,0,Chase,0,0,-99.61,10.546,0.001,-79.67
08:15.64,0.0,0.0,0.0,-0.0,Clear Day,0,0,0,0,Chase,0,0,-99.61,10.546,0.001,-79.67
08:15.81,0.0,0.0,0.0,-0.0,Clear Day,0,0,0,0,Chase,0,0,-99.61,10.546,0.001,-79.67
08:15.97,0.0,0.0,0.0,-0.0,Clear Day,0,0,0,0,Chase,0,0,-99.61,10.546,0.001,-79.67
08:16.14,0.0,0.0,0.0,-0.0,Clear Day,0,0,0,0,Chase,0,0,-99.61,10.546,0.001,-79.67
08:16.31,0.0,0.0,0.0,-0.0,Clear Day,0,0,0,0,Chase,0,0,-99.61,10.546,0.001,-79.67
08:16.48,0.0,0.0,0.0,-0.0,Clear Day,0,0,0,0,Chase,0,0,-99.61,10.546,0.001,-79.67
08:16.65,0.0,0.0,0.0,-0.0,Clear Day,0,0,0,0,Chase,0,0,-99.61,10.546,0.001,-79.67
08:16.81,0.0,0.0,0.0,-0.0,Clear Day,0,0,0,0,Chase,0,0,-99.61,10.546,0.001,-79.67
08:16.98,0.0,0.0,0.0,-0.0,Clear Day,0,0,0,0,Chase,0,0,-99.61,10.546,0.001,-79.67
08:17.15,0.0,0.0,0.0,-0.0,Clear Day,0,0,0,0,Chase,0,0,-99.61,10.546,0.001,-79.67
08:17.32,0.0,0.0,0.0,-0.0,Clear Day,0,0,0,0,Chase,0,0,-99.61,10.546,0.001,-79.67
08:17.49,0.0,0.0,0.0,-0.0,Clear Day,0,0,0,0,Chase,0,0,-99.61,10.546,0.001,-79.67
08:17.65,0.0,0.0,0.0,-0.0,Clear Day,0,0,0,0,Chase,0,0,-99.61,10.546,0.001,-79.67
08:17.82,0.0,0.0,0.0,-0.0,Clear Day,0,0,0,0,Chase,0,0,-99.61,10.546,0.001,-79.67
08:17.99,0.0,0.0,0.0,-0.0,Clear Day,0,0,0,0,Chase,0,0,-99.61,10.546,0.001,-79.67
08:18.16,0.0,0.0,0.0,-0.0,Clear Day,0,0,0,0,Chase,0,0,-99.61,10.546,0.001,-79.67
08:18.33,0.0,0.0,0.0,-0.0,Clear Day,0,0,0,0,Chase,0,0,-99.61,10.546,0.001,-79.67
08:18.49,0.0,0.0,0.0,-0.0,Clear Day,0,0,0,0,Chase,0,0,-99.61,10.546,0.001,-79.67
08:18.66,0.0,0.0,0.0,-0.0,Clear Day,0,0,0,0,Chase,0,0,-99.61,10.546,0.001,-79.67
08:18.82,0.0,0.0,0.0,-0.0,Clear Day,0,0,0,0,Chase,0,0,-99.61,10.546,0.001,-79.67
08:18.99,0.0,0.0,0.0,-0.0,Clear Day,0,0,0,0,Chase,0,0,-99.61,10.546,0.001,-79.67
08:19.16,0.0,0.0,0.0,-0.0,Clear Day,0,0,0,0,Chase,0,0,-99.61,10.546,0.001,-79.67
08:19.32,0.0,0.0,0.0,-0.0,Clear Day,0,0,0,0,Chase,0,0,-99.61,10.546,0.001,-79.67
08:19.49,0.0,0.0,0.0,-0.0,Clear Day,0,0,0,0,Chase,0,0,-99.61,10.546,0.001,-79.67
08:19.66,0.0,0.0,0.0,-0.0,Clear Day,0,0,0,0,Chase,0,0,-99.61,10.546,0.001,-79.67
08:19.82,0.0,0.0,0.0,-0.0,Clear Day,0,0,0,0,Chase,0,0,-99.61,10.546,0.001,-79.67
08:19.99,0.0,0.0,0.0,-0.0,Clear Day,0,0,0,0,Chase,0,0,-99.61,10.546,0.001,-79.67
08:20.16,0.0,0.0,0.0,-0.0,Clear Day,0,0,0,0,Chase,0,0,-99.61,10.546,0.001,-79.67
08:20.32,0.0,0.0,0.0,-0.0,Clear Day,0,0,0,0,Chase,0,0,-99.61,10.546,0.001,-79.67
08:20.49,0.0,0.0,0.0,-0.0,Clear Day,0,0,0,0,Chase,0,0,-99.61,10.546,0.001,-79.67
08:20.65,0.0,0.0,0.0,-0.0,Clear Day,0,0,0,0,Chase,0,0,-99.61,10.546,0.001,-79.67
08:20.82,0.0,0.0,0.0,-0.0,Clear Day,0,0,0,0,Chase,0,0,-99.61,10.546,0.001,-79.67
08:20.99,0.0,0.0,0.0,-0.0,Clear Day,0,0,0,0,Chase,0,0,-99.61,10.546,0.001,-79.67
08:21.16,0.0,0.0,0.0,-0.0,Clear Day,0,0,0,0,Chase,0,0,-99.61,10.546,0.001,-79.67
08:21.32,0.0,0.0,0.0,-0.0,Clear Day,0,0,0,0,Chase,0,0,-99.61,10.546,0.001,-79.67
08:21.49,0.0,0.0,0.0,-0.0,Clear Day,0,0,0,0,Chase,0,0,-99.61,10.546,0.001,-79.67
08:21.66,0.0,0.0,0.0,-0.0,Clear Day,0,0,0,0,Chase,0,0,-99.61,10.546,0.001,-79.67
08:21.83,0.0,0.0,0.0,-0.0,Clear Day,0,0,0,0,Chase,0,0,-99.61,10.546,0.001,-79.67
08:22.00,0.0,0.0,0.0,-0.0,Clear Day,0,0,0,0,Chase,0,0,-99.61,10.546,0.001,-79.67
08:22.17,0.0,0.0,0.0,-0.0,Clear Day,0,0,0,0,Chase,0,0,-99.61,10.546,0.001,-79.67
08:22.34,0.0,0.0,0.0,-0.0,Clear Day,0,0,0,0,Chase,0,0,-99.61,10.546,0.001,-79.67
08:22.51,0.0,0.0,0.0,-0.0,Clear Day,0,0,0,0,Chase,0,0,-99.61,10.546,0.001,-79.67
08:22.67,0.0,0.0,0.0,-0.0,Clear Day,0,0,0,0,Chase,0,0,-99.61,10.546,0.001,-79.67
08:22.84,0.0,0.0,0.0,-0.0,Clear Day,0,0,0,0,Chase,0,0,-99.61,10.546,0.001,-79.67
08:23.01,0.0,0.0,0.0,-0.0,Clear Day,0,0,0,0,Chase,0,0,-99.61,10.546,0.001,-79.67
08:23.18,0.0,0.0,0.0,-0.0,Clear Day,0,0,0,0,Chase,0,0,-99.61,10.546,0.001,-79.67
08:23.34,0.0,0.0,0.0,-0.0,Clear Day,0,0,0,0,Chase,0,0,-99.61,10.546,0.001,-79.67
08:23.52,0.0,0.0,0.0,-0.0,Clear Day,0,0,0,0,Chase,0,0,-99.61,10.546,0.001,-79.67
08:23.68,0.0,0.0,0.0,-0.0,Clear Day,0,0,0,0,Chase,0,0,-99.61,10.546,0.001,-79.67
08:23.85,0.0,0.0,0.0,-0.0,Clear Day,0,0,0,0,Chase,0,0,-99.61,10.546,0.001,-79.67
08:24.02,0.0,0.0,0.0,-0.0,Clear Day,0,0,0,0,Chase,0,0,-99.61,10.546,0.001,-79.67
08:24.18,0.0,0.0,0.0,-0.0,Clear Day,0,0,0,0,Chase,0,0,-99.61,10.546,0.001,-79.67
08:24.35,0.0,0.0,0.0,-0.0,Clear Day,0,0,0,0,Chase,0,0,-99.61,10.546,0.001,-79.67
08:24.52,0.0,0.0,0.0,-0.0,Clear Day,0,0,0,0,Chase,0,0,-99.61,10.546,0.001,-79.67
08:24.69,0.0,0.0,0.0,-0.0,Clear Day,0,0,0,0,Chase,0,0,-99.61,10.546,0.001,-79.67
08:24.85,0.0,0.0,0.0,-0.0,Clear Day,0,0,0,0,Chase,0,0,-99.61,10.546,0.001,-79.67
08:25.02,0.0,0.0,0.0,-0.0,Clear Day,0,0,0,0,Chase,0,0,-99.61,10.546,0.001,-79.67
08:25.19,0.0,0.0,0.0,-0.0,Clear Day,0,0,0,0,Chase,0,0,-99.61,10.546,0.001,-79.67
08:25.35,0.0,0.0,0.0,-0.0,Clear Day,0,0,0,0,Chase,0,0,-99.61,10.546,0.001,-79.67
08:25.52,0.0,0.0,0.0,-0.0,Clear Day,0,0,0,0,Chase,0,0,-99.61,10.546,0.001,-79.67
08:25.69,0.0,0.0,0.0,-0.0,Clear Day,0,0,0,0,Chase,0,0,-99.61,10.546,0.001,-79.67
08:25.86,0.0,0.0,0.0,-0.0,Clear Day,0,0,0,0,Chase,0,0,-99.61,10.546,0.001,-79.67
08:26.02,0.0,0.0,0.0,-0.0,Clear Day,0,0,0,0,Chase,0,0,-99.61,10.546,0.001,-79.67
08:26.19,0.0,0.0,0.0,-0.0,Clear Day,0,0,0,0,Chase,0,0,-99.61,10.546,0.001,-79.67
08:26.35,0.0,0.0,0.0,-0.0,Clear Day,0,0,0,0,Chase,0,0,-99.61,10.546,0.001,-79.67
08:26.52,0.0,0.0,0.0,-0.0,Clear Day,0,0,0,0,Chase,0,0,-99.61,10.546,0.001,-79.67
08:26.69,0.0,0.0,0.0,-0.0,Clear Day,0,0,0,0,Chase,0,0,-99.61,10.546,0.001,-79.67
08:26.86,0.0,0.0,0.0,-0.0,Clear Day,0,0,0,0,Chase,0,0,-99.61,10.546,0.001,-79.67
08:27.02,0.0,0.0,0.0,-0.0,Clear Day,0,0,0,0,Chase,0,0,-99.61,10.546,0.001,-79.67
08:27.19,0.0,0.0,0.0,-0.0,Clear Day,0,0,0,0,Chase,0,0,-99.61,10.546,0.001,-79.67
08:27.36,0.0,0.0,0.0,-0.0,Clear Day,0,0,0,0,Chase,0,0,-99.61,10.546,0.001,-79.67
08:27.52,0.0,0.0,0.0,-0.0,Clear Day,0,0,0,0,Chase,0,0,-99.61,10.546,0.001,-79.67
08:27.69,0.0,0.0,0.0,-0.0,Clear Day,0,0,0,0,Chase,0,0,-99.61,10.546,0.001,-79.67
08:27.86,0.0,0.0,0.0,-0.0,Clear Day,0,0,0,0,Chase,0,0,-99.61,10.546,0.001,-79.67
08:28.02,0.0,0.0,0.0,-0.0,Clear Day,0,0,0,0,Chase,0,0,-99.61,10.546,0.001,-79.67
08:28.19,0.0,0.0,0.0,-0.0,Clear Day,0,0,0,0,Chase,0,0,-99.61,10.546,0.001,-79.67
08:28.36,0.0,0.0,0.0,-0.0,Clear Day,0,0,0,0,Chase,0,0,-99.61,10.546,0.001,-79.67
08:28.53,0.0,0.0,0.0,-0.0,Clear Day,0,0,0,0,Chase,0,0,-99.61,10.546,0.001,-79.67
08:28.70,0.0,0.0,0.0,-0.0,Clear Day,0,0,0,0,Chase,0,0,-99.61,10.546,0.001,-79.67
08:28.86,0.0,0.0,0.0,-0.0,Clear Day,0,0,0,0,Chase,0,0,-99.61,10.546,0.001,-79.67
08:29.03,0.0,0.0,0.0,-0.0,Clear Day,0,0,0,0,Chase,0,0,-99.61,10.546,0.001,-79.67
08:29.20,0.0,0.0,0.0,-0.0,Clear Day,0,0,0,0,Chase,0,0,-99.61,10.546,0.001,-79.67
08:29.37,0.0,0.0,0.0,-0.0,Clear Day,0,0,0,0,Chase,0,0,-99.61,10.546,0.001,-79.67
08:29.54,0.0,0.0,0.0,-0.0,Clear Day,0,0,0,0,Chase,0,0,-99.61,10.546,0.001,-79.67
08:29.70,0.0,0.0,0.0,-0.0,Clear Day,0,0,0,0,Chase,0,0,-99.61,10.546,0.001,-79.67
08:29.87,0.0,0.0,0.0,-0.0,Clear Day,0,0,0,0,Chase,0,0,-99.61,10.546,0.001,-79.67
08:30.04,0.0,0.0,0.0,-0.0,Clear Day,0,0,0,0,Chase,0,0,-99.61,10.546,0.001,-79.67
08:30.21,0.0,0.0,0.0,-0.0,Clear Day,0,0,0,0,Chase,0,0,-99.61,10.546,0.001,-79.67
08:30.37,0.0,0.0,0.0,-0.0,Clear Day,0,0,0,0,Chase,0,0,-99.61,10.546,0.001,-79.67
08:30.54,0.0,0.0,0.0,-0.0,Clear Day,0,0,0,0,Chase,0,0,-99.61,10.546,0.001,-79.67
08:30.71,0.0,0.0,0.0,-0.0,Clear Day,0,0,0,0,Chase,0,0,-99.61,10.546,0.001,-79.67
08:30.88,0.0,0.0,0.0,-0.0,Clear Day,0,0,0,0,Chase,0,0,-99.61,10.546,0.001,-79.67
08:31.05,0.0,0.0,0.0,-0.0,Clear Day,0,0,0,0,Chase,0,0,-99.61,10.546,0.001,-79.67
08:31.22,0.0,0.0,0.0,-0.0,Clear Day,0,0,0,0,Chase,0,0,-99.61,10.546,0.001,-79.67
08:31.39,0.0,0.0,0.0,-0.0,Clear Day,0,0,0,0,Chase,0,0,-99.61,10.546,0.001,-79.67
08:31.56,0.0,0.0,0.0,-0.0,Clear Day,0,0,0,0,Chase,0,0,-99.61,10.546,0.001,-79.67
08:31.73,0.0,0.0,0.0,-0.0,Clear Day,0,0,0,0,Chase,0,0,-99.61,10.546,0.001,-79.67
08:31.90,0.0,0.0,0.0,-0.0,Clear Day,0,0,0,0,Chase,0,0,-99.61,10.546,0.001,-79.67
08:32.06,0.0,0.0,0.0,-0.0,Clear Day,0,0,0,0,Chase,0,0,-99.61,10.546,0.001,-79.67
08:32.23,0.0,0.0,0.0,-0.0,Clear Day,0,0,0,0,Chase,0,0,-99.61,10.546,0.001,-79.67
08:32.40,0.0,0.0,0.0,-0.0,Clear Day,0,0,0,0,Chase,0,0,-99.61,10.546,0.001,-79.67
08:32.57,0.0,0.0,0.0,-0.0,Clear Day,0,0,0,0,Chase,0,0,-99.61,10.546,0.001,-79.67
08:32.74,0.0,0.0,0.0,-0.0,Clear Day,0,0,0,0,Chase,0,0,-99.61,10.546,0.001,-79.67
08:32.91,0.0,0.0,0.0,-0.0,Clear Day,0,0,0,0,Chase,0,0,-99.61,10.546,0.001,-79.67
08:33.08,0.0,0.0,0.0,-0.0,Clear Day,0,0,0,0,Chase,0,0,-99.61,10.546,0.001,-79.67
08:33.25,0.0,0.0,0.0,-0.0,Clear Day,0,0,0,0,Chase,0,0,-99.61,10.546,0.001,-79.67
08:33.43,0.0,0.0,0.0,-0.0,Clear Day,0,0,0,0,Chase,0,0,-99.61,10.546,0.001,-79.67
08:33.60,0.0,0.0,0.0,-0.0,Clear Day,0,0,0,0,Chase,0,0,-99.61,10.546,0.001,-79.67
08:33.76,0.0,0.0,0.0,-0.0,Clear Day,0,0,0,0,Chase,0,0,-99.61,10.546,0.001,-79.67
08:33.93,0.0,0.0,0.0,-0.0,Clear Day,0,0,0,0,Chase,0,0,-99.61,10.546,0.001,-79.67
08:34.10,0.0,0.0,0.0,-0.0,Clear Day,0,0,0,0,Chase,0,0,-99.61,10.546,0.001,-79.67
08:34.27,0.0,0.0,0.0,-0.0,Clear Day,0,0,0,0,Chase,0,0,-99.61,10.546,0.001,-79.67
08:34.43,0.0,0.0,0.0,-0.0,Clear Day,0,0,0,0,Chase,0,0,-99.61,10.546,0.001,-79.67
08:34.60,0.0,0.0,0.0,-0.0,Clear Day,0,0,0,0,Chase,0,0,-99.61,10.546,0.001,-79.67
08:34.77,0.0,0.0,0.0,-0.0,Clear Day,0,0,0,0,Chase,0,0,-99.61,10.546,0.001,-79.67
08:34.94,0.0,0.0,0.0,-0.0,Clear Day,0,0,0,0,Chase,0,0,-99.61,10.546,0.001,-79.67
08:35.10,0.0,0.0,0.0,-0.0,Clear Day,0,0,0,0,Chase,0,0,-99.61,10.546,0.001,-79.67
08:35.27,0.0,0.0,0.0,-0.0,Clear Day,0,0,0,0,Chase,0,0,-99.61,10.546,0.001,-79.67
08:35.43,0.0,0.0,0.0,-0.0,Clear Day,0,0,0,0,Chase,0,0,-99.61,10.546,0.001,-79.67
08:35.60,0.0,0.0,0.0,-0.0,Clear Day,0,0,0,0,Chase,0,0,-99.61,10.546,0.001,-79.67
08:35.76,0.0,0.0,0.0,-0.0,Clear Day,0,0,0,0,Chase,0,0,-99.61,10.546,0.001,-79.67
08:35.93,0.0,0.0,0.0,-0.0,Clear Day,0,0,0,0,Chase,0,0,-99.61,10.546,0.001,-79.67
08:36.10,0.0,0.0,0.0,-0.0,Clear Day,0,0,0,0,Chase,0,0,-99.61,10.546,0.001,-79.67
08:36.27,0.0,0.0,0.0,-0.0,Clear Day,0,0,0,0,Chase,0,0,-99.61,10.546,0.001,-79.67
08:36.44,0.0,0.0,0.0,-0.0,Clear Day,0,0,0,0,Chase,0,0,-99.61,10.546,0.001,-79.67
08:36.61,0.0,0.0,0.0,-0.0,Clear Day,0,0,0,0,Chase,0,0,-99.61,10.546,0.001,-79.67
08:36.79,0.0,0.0,0.0,-0.0,Clear Day,0,0,0,0,Chase,0,0,-99.61,10.546,0.001,-79.67
08:36.96,0.0,0.0,0.0,-0.0,Clear Day,0,0,0,0,Chase,0,0,-99.61,10.546,0.001,-79.67
08:37.12,0.0,0.0,0.0,-0.0,Clear Day,0,0,0,0,Chase,0,0,-99.61,10.546,0.001,-79.67
08:37.29,0.0,0.0,0.0,-0.0,Clear Day,0,0,0,0,Chase,0,0,-99.61,10.546,0.001,-79.67
08:37.46,0.0,0.0,0.0,-0.0,Clear Day,0,0,0,0,Chase,0,0,-99.61,10.546,0.001,-79.67
08:37.63,0.0,0.0,0.0,-0.0,Clear Day,0,0,0,0,Chase,0,0,-99.61,10.546,0.001,-79.67
08:37.79,0.0,0.0,0.0,-0.0,Clear Day,0,0,0,0,Chase,0,0,-99.61,10.546,0.001,-79.67
08:37.96,0.0,0.0,0.0,-0.0,Clear Day,0,0,0,0,Chase,0,0,-99.61,10.546,0.001,-79.67
08:38.13,0.0,0.0,0.0,-0.0,Clear Day,0,0,0,0,Chase,0,0,-99.61,10.546,0.001,-79.67
08:38.30,0.0,0.0,0.0,-0.0,Clear Day,0,0,0,0,Chase,0,0,-99.61,10.546,0.001,-79.67
08:38.46,0.0,0.0,0.0,-0.0,Clear Day,0,0,0,0,Chase,0,0,-99.61,10.546,0.001,-79.67
08:38.64,0.0,0.0,0.0,-0.0,Clear Day,0,0,0,0,Chase,0,0,-99.61,10.546,0.001,-79.67
08:38.80,0.0,0.0,0.0,-0.0,Clear Day,0,0,0,0,Chase,0,0,-99.61,10.546,0.001,-79.67
08:38.97,0.0,0.0,0.0,-0.0,Clear Day,0,0,0,0,Chase,0,0,-99.61,10.546,0.001,-79.67
08:39.14,0.0,0.0,0.0,-0.0,Clear Day,0,0,0,0,Chase,0,0,-99.61,10.546,0.001,-79.67
08:39.31,0.0,0.0,0.0,-0.0,Clear Day,0,0,0,0,Chase,0,0,-99.61,10.546,0.001,-79.67
08:39.47,0.0,0.0,0.0,-0.0,Clear Day,0,0,0,0,Chase,0,0,-99.61,10.546,0.001,-79.67
08:39.64,0.0,0.0,0.0,-0.0,Clear Day,0,0,0,0,Chase,0,0,-99.61,10.546,0.001,-79.67
08:39.81,0.0,0.0,0.0,-0.0,Clear Day,0,0,0,0,Chase,0,0,-99.61,10.546,0.001,-79.67
08:39.97,0.0,0.0,0.0,-0.0,Clear Day,0,0,0,0,Chase,0,0,-99.61,10.546,0.001,-79.67
08:40.14,0.0,0.0,0.0,-0.0,Clear Day,0,0,0,0,Chase,0,0,-99.61,10.546,0.001,-79.67
08:40.31,0.0,0.0,0.0,-0.0,Clear Day,0,0,0,0,Chase,0,0,-99.61,10.546,0.001,-79.67
08:40.48,0.0,0.0,0.0,-0.0,Clear Day,0,0,0,0,Chase,0,0,-99.61,10.546,0.001,-79.67
08:40.64,0.0,0.0,0.0,-0.0,Clear Day,0,0,0,0,Chase,0,0,-99.61,10.546,0.001,-79.67
08:40.81,0.0,0.0,0.0,-0.0,Clear Day,0,0,0,0,Chase,0,0,-99.61,10.546,0.001,-79.67
08:40.98,0.0,0.0,0.0,-0.0,Clear Day,0,0,0,0,Chase,0,0,-99.61,10.546,0.001,-79.67
08:41.15,0.0,0.0,0.0,-0.0,Clear Day,0,0,0,0,Chase,0,0,-99.61,10.546,0.001,-79.67
08:41.31,0.0,0.0,0.0,-0.0,Clear Day,0,0,0,0,Chase,0,0,-99.61,10.546,0.001,-79.67
08:41.48,0.0,0.0,0.0,-0.0,Clear Day,0,0,0,0,Chase,0,0,-99.61,10.546,0.001,-79.67
08:41.65,0.0,0.0,0.0,-0.0,Clear Day,0,0,0,0,Chase,0,0,-99.61,10.546,0.001,-79.67
08:41.81,0.0,0.0,0.0,-0.0,Clear Day,0,0,0,0,Chase,0,0,-99.61,10.546,0.001,-79.67
08:41.98,0.0,0.0,0.0,-0.0,Clear Day,0,0,0,0,Chase,0,0,-99.61,10.546,0.001,-79.67
08:42.15,0.0,0.0,0.0,-0.0,Clear Day,0,0,0,0,Chase,0,0,-99.61,10.546,0.001,-79.67
08:42.32,0.0,0.0,0.0,-0.0,Clear Day,0,0,0,0,Chase,0,0,-99.61,10.546,0.001,-79.67
08:42.49,0.0,0.0,0.0,-0.0,Clear Day,0,0,0,0,Chase,0,0,-99.61,10.546,0.001,-79.67
08:42.65,0.0,0.0,0.0,-0.0,Clear Day,0,0,0,0,Chase,0,0,-99.61,10.546,0.001,-79.67
08:42.82,0.0,0.0,0.0,-0.0,Clear Day,0,0,0,0,Chase,0,0,-99.61,10.546,0.001,-79.67
08:42.99,0.0,0.0,0.0,-0.0,Clear Day,0,0,0,0,Chase,0,0,-99.61,10.546,0.001,-79.67
08:43.16,0.0,0.0,0.0,-0.0,Clear Day,0,0,0,0,Chase,0,0,-99.61,10.546,0.001,-79.67
08:43.33,0.0,0.0,0.0,-0.0,Clear Day,0,0,0,0,Chase,0,0,-99.61,10.546,0.001,-79.67
08:43.50,0.0,0.0,0.0,-0.0,Clear Day,0,0,0,0,Chase,0,0,-99.61,10.546,0.001,-79.67
08:43.66,0.0,0.0,0.0,-0.0,Clear Day,0,0,0,0,Chase,0,0,-99.61,10.546,0.001,-79.67
08:43.83,0.0,0.0,0.0,-0.0,Clear Day,0,0,0,0,Chase,0,0,-99.61,10.546,0.001,-79.67
08:44.00,0.0,0.0,0.0,-0.0,Clear Day,0,0,0,0,Chase,0,0,-99.61,10.546,0.001,-79.67
08:44.17,0.0,0.0,0.0,-0.0,Clear Day,0,0,0,0,Chase,0,0,-99.61,10.546,0.001,-79.67
08:44.34,0.0,0.0,0.0,-0.0,Clear Day,0,0,0,0,Chase,0,0,-99.61,10.546,0.001,-79.67
08:44.51,0.0,0.0,0.0,-0.0,Clear Day,0,0,0,0,Chase,0,0,-99.61,10.546,0.001,-79.67
08:44.68,0.0,0.0,0.0,-0.0,Clear Day,0,0,0,0,Chase,0,0,-99.61,10.546,0.001,-79.67
08:44.85,0.0,0.0,0.0,-0.0,Clear Day,0,0,0,0,Chase,0,0,-99.61,10.546,0.001,-79.67
08:45.02,0.0,0.0,0.0,-0.0,Clear Day,0,0,0,0,Chase,0,0,-99.61,10.546,0.001,-79.67
08:45.19,0.0,0.0,0.0,-0.0,Clear Day,0,0,0,0,Chase,0,0,-99.61,10.546,0.001,-79.67
08:45.36,0.0,0.0,0.0,-0.0,Clear Day,0,0,0,0,Chase,0,0,-99.61,10.546,0.001,-79.67
08:45.53,0.0,0.0,0.0,-0.0,Clear Day,0,0,0,0,Chase,0,0,-99.61,10.546,0.001,-79.67
08:45.70,0.0,0.0,0.0,-0.0,Clear Day,0,0,0,0,Chase,0,0,-99.61,10.546,0.001,-79.67
08:45.88,0.0,0.0,0.0,-0.0,Clear Day,0,0,0,0,Chase,0,0,-99.61,10.546,0.001,-79.67
08:46.04,0.0,0.0,0.0,-0.0,Clear Day,0,0,0,0,Chase,0,0,-99.61,10.546,0.001,-79.67
08:46.21,0.0,0.0,0.0,-0.0,Clear Day,0,0,0,0,Chase,0,0,-99.61,10.546,0.001,-79.67
08:46.38,0.0,0.0,0.0,-0.0,Clear Day,0,0,0,0,Chase,0,0,-99.61,10.546,0.001,-79.67
08:46.54,0.0,0.0,0.0,-0.0,Clear Day,0,0,0,0,Chase,0,0,-99.61,10.546,0.001,-79.67
08:46.71,0.0,0.0,0.0,-0.0,Clear Day,0,0,0,0,Chase,0,0,-99.61,10.546,0.001,-79.67
08:46.88,0.0,0.0,0.0,-0.0,Clear Day,0,0,0,0,Chase,0,0,-99.61,10.546,0.001,-79.67
08:47.04,0.0,0.0,0.0,-0.0,Clear Day,0,0,0,0,Chase,0,0,-99.61,10.546,0.001,-79.67
08:47.21,0.0,0.0,0.0,-0.0,Clear Day,0,0,0,0,Chase,0,0,-99.61,10.546,0.001,-79.67
08:47.38,0.0,0.0,0.0,-0.0,Clear Day,0,0,0,0,Chase,0,0,-99.61,10.546,0.001,-79.67
08:47.55,0.0,0.0,0.0,-0.0,Clear Day,0,0,0,0,Chase,0,0,-99.61,10.546,0.001,-79.67
08:47.71,0.0,0.0,0.0,-0.0,Clear Day,0,0,0,0,Chase,0,0,-99.61,10.546,0.001,-79.67
08:47.88,0.0,0.0,0.0,-0.0,Clear Day,0,0,0,0,Chase,0,0,-99.61,10.546,0.001,-79.67
08:48.06,0.0,0.0,0.0,-0.0,Clear Day,0,0,0,0,Chase,0,0,-99.61,10.546,0.001,-79.67
08:48.23,0.0,0.0,0.0,-0.0,Clear Day,0,0,0,0,Chase,0,0,-99.61,10.546,0.001,-79.67
08:48.40,0.0,0.0,0.0,-0.0,Clear Day,0,0,0,0,Chase,0,0,-99.61,10.546,0.001,-79.67
08:48.57,0.0,0.0,0.0,-0.0,Clear Day,0,0,0,0,Chase,0,0,-99.61,10.546,0.001,-79.67
08:48.73,0.0,0.0,0.0,-0.0,Clear Day,0,0,0,0,Chase,0,0,-99.61,10.546,0.001,-79.67
08:48.90,0.0,0.0,0.0,-0.0,Clear Day,0,0,0,0,Chase,0,0,-99.61,10.546,0.001,-79.67
08:49.07,0.0,0.0,0.0,-0.0,Clear Day,0,0,0,0,Chase,0,0,-99.61,10.546,0.001,-79.67
08:49.24,0.0,0.0,0.0,-0.0,Clear Day,0,0,0,0,Chase,0,0,-99.61,10.546,0.001,-79.67
08:49.40,0.0,0.0,0.0,-0.0,Clear Day,0,0,0,0,Chase,0,0,-99.61,10.546,0.001,-79.67
08:49.57,0.0,0.0,0.0,-0.0,Clear Day,0,0,0,0,Chase,0,0,-99.61,10.546,0.001,-79.67
08:49.74,0.0,0.0,0.0,-0.0,Clear Day,0,0,0,0,Chase,0,0,-99.61,10.546,0.001,-79.67
08:49.91,0.0,0.0,0.0,-0.0,Clear Day,0,0,0,0,Chase,0,0,-99.61,10.546,0.001,-79.67
08:50.08,0.0,0.0,0.0,-0.0,Clear Day,0,0,0,0,Chase,0,0,-99.61,10.546,0.001,-79.67
08:50.25,0.0,0.0,0.0,-0.0,Clear Day,0,0,0,0,Chase,0,0,-99.61,10.546,0.001,-79.67
08:50.42,0.0,0.0,0.0,-0.0,Clear Day,0,0,0,0,Chase,0,0,-99.61,10.546,0.001,-79.67
08:50.59,0.0,0.0,0.0,-0.0,Clear Day,0,0,0,0,Chase,0,0,-99.61,10.546,0.001,-79.67
08:50.78,0.0,0.0,0.0,-0.0,Clear Day,0,0,0,0,Chase,0,0,-99.61,10.546,0.001,-79.67
08:50.95,0.0,0.0,0.0,-0.0,Clear Day,0,0,0,0,Chase,0,0,-99.61,10.546,0.001,-79.67
08:51.11,0.0,0.0,0.0,-0.0,Clear Day,0,0,0,0,Chase,0,0,-99.61,10.546,0.001,-79.67
08:51.28,0.0,0.0,0.0,-0.0,Clear Day,0,0,0,0,Chase,0,0,-99.61,10.546,0.001,-79.67
08:51.45,0.0,0.0,0.0,-0.0,Clear Day,0,0,0,0,Chase,0,0,-99.61,10.546,0.001,-79.67
08:51.62,0.0,0.0,0.0,-0.0,Clear Day,0,0,0,0,Chase,0,0,-99.61,10.546,0.001,-79.67
08:51.78,0.0,0.0,0.0,-0.0,Clear Day,0,0,0,0,Chase,0,0,-99.61,10.546,0.001,-79.67
08:51.95,0.0,0.0,0.0,-0.0,Clear Day,0,0,0,0,Chase,0,0,-99.61,10.546,0.001,-79.67
08:52.12,0.0,0.0,0.0,-0.0,Clear Day,0,0,0,0,Chase,0,0,-99.61,10.546,0.001,-79.67
08:52.28,0.0,0.0,0.0,-0.0,Clear Day,0,0,0,0,Chase,0,0,-99.61,10.546,0.001,-79.67
08:52.46,0.0,0.0,0.0,-0.0,Clear Day,0,0,0,0,Chase,0,0,-99.61,10.546,0.001,-79.67
08:52.63,0.0,0.0,0.0,-0.0,Clear Day,0,0,0,0,Chase,0,0,-99.61,10.546,0.001,-79.67
08:52.80,0.0,0.0,0.0,-0.0,Clear Day,0,0,0,0,Chase,0,0,-99.61,10.546,0.001,-79.67
08:52.97,0.0,0.0,0.0,-0.0,Clear Day,0,0,0,0,Chase,0,0,-99.61,10.546,0.001,-79.67
08:53.13,0.0,0.0,0.0,-0.0,Clear Day,0,0,0,0,Chase,0,0,-99.61,10.546,0.001,-79.67
08:53.30,0.0,0.0,0.0,-0.0,Clear Day,0,0,0,0,Chase,0,0,-99.61,10.546,0.001,-79.67
08:53.47,0.0,0.0,0.0,-0.0,Clear Day,0,0,0,0,Chase,0,0,-99.61,10.546,0.001,-79.67
08:53.64,0.0,0.0,0.0,-0.0,Clear Day,0,0,0,0,Chase,0,0,-99.61,10.546,0.001,-79.67
08:53.81,0.0,0.0,0.0,-0.0,Clear Day,0,0,0,0,Chase,0,0,-99.61,10.546,0.001,-79.67
08:53.98,0.0,0.0,0.0,-0.0,Clear Day,0,0,0,0,Chase,0,0,-99.61,10.546,0.001,-79.67
08:54.15,0.0,0.0,0.0,-0.0,Clear Day,0,0,0,0,Chase,0,0,-99.61,10.546,0.001,-79.67
08:54.32,0.0,0.0,0.0,-0.0,Clear Day,0,0,0,0,Chase,0,0,-99.61,10.546,0.001,-79.67
08:54.50,0.0,0.0,0.0,-0.0,Clear Day,0,0,0,0,Chase,0,0,-99.61,10.546,0.001,-79.67
08:54.66,0.0,0.0,0.0,-0.0,Clear Day,0,0,0,0,Chase,0,0,-99.61,10.546,0.001,-79.67
08:54.83,0.0,0.0,0.0,-0.0,Clear Day,0,0,0,0,Chase,0,0,-99.61,10.546,0.001,-79.67
08:55.00,0.0,0.0,0.0,-0.0,Clear Day,0,0,0,0,Chase,0,0,-99.61,10.546,0.001,-79.67
08:55.17,0.0,0.0,0.0,-0.0,Clear Day,0,0,0,0,Chase,0,0,-99.61,10.546,0.001,-79.67
08:55.33,0.0,0.0,0.0,-0.0,Clear Day,0,0,0,0,Chase,0,0,-99.61,10.546,0.001,-79.67
08:55.50,0.0,0.0,0.0,-0.0,Clear Day,0,0,0,0,Chase,0,0,-99.61,10.546,0.001,-79.67
08:55.67,0.0,0.0,0.0,-0.0,Clear Day,0,0,0,0,Chase,0,0,-99.61,10.546,0.001,-79.67
08:55.84,0.0,0.0,0.0,-0.0,Clear Day,0,0,0,0,Chase,0,0,-99.61,10.546,0.001,-79.67
08:56.00,0.0,0.0,0.0,-0.0,Clear Day,0,0,0,0,Chase,0,0,-99.61,10.546,0.001,-79.67
08:56.17,0.0,0.0,0.0,-0.0,Clear Day,0,0,0,0,Chase,0,0,-99.61,10.546,0.001,-79.67
08:56.35,0.0,0.0,0.0,-0.0,Clear Day,0,0,0,0,Chase,0,0,-99.61,10.546,0.001,-79.67
08:56.52,0.0,0.0,0.0,-0.0,Clear Day,0,0,0,0,Chase,0,0,-99.61,10.546,0.001,-79.67
08:56.69,0.0,0.0,0.0,-0.0,Clear Day,0,0,0,0,Chase,0,0,-99.61,10.546,0.001,-79.67
08:56.86,0.0,0.0,0.0,-0.0,Clear Day,0,0,0,0,Chase,0,0,-99.61,10.546,0.001,-79.67
08:57.02,0.0,0.0,0.0,-0.0,Clear Day,0,0,0,0,Chase,0,0,-99.61,10.546,0.001,-79.67
08:57.19,0.0,0.0,0.0,-0.0,Clear Day,0,0,0,0,Chase,0,0,-99.61,10.546,0.001,-79.67
08:57.36,0.0,0.0,0.0,-0.0,Clear Day,0,0,0,0,Chase,0,0,-99.61,10.546,0.001,-79.67
08:57.52,0.0,0.0,0.0,-0.0,Clear Day,0,0,0,0,Chase,0,0,-99.61,10.546,0.001,-79.67
08:57.69,0.0,0.0,0.0,-0.0,Clear Day,0,0,0,0,Chase,0,0,-99.61,10.546,0.001,-79.67
08:57.86,0.0,0.0,0.0,-0.0,Clear Day,0,0,0,0,Chase,0,0,-99.61,10.546,0.001,-79.67
08:58.02,0.0,0.0,0.0,-0.0,Clear Day,0,0,0,0,Chase,0,0,-99.61,10.546,0.001,-79.67
08:58.19,0.0,0.0,0.0,-0.0,Clear Day,0,0,0,0,Chase,0,0,-99.61,10.546,0.001,-79.67
08:58.36,0.0,0.0,0.0,-0.0,Clear Day,0,0,0,0,Chase,0,0,-99.61,10.546,0.001,-79.67
08:58.53,0.0,0.0,0.0,-0.0,Clear Day,0,0,0,0,Chase,0,0,-99.61,10.546,0.001,-79.67
08:58.70,0.0,0.0,0.0,-0.0,Clear Day,0,0,0,0,Chase,0,0,-99.61,10.546,0.001,-79.67
08:58.88,0.0,0.0,0.0,-0.0,Clear Day,0,0,0,0,Chase,0,0,-99.61,10.546,0.001,-79.67
08:59.04,0.0,0.0,0.0,-0.0,Clear Day,0,0,0,0,Chase,0,0,-99.61,10.546,0.001,-79.67
08:59.21,0.0,0.0,0.0,-0.0,Clear Day,0,0,0,0,Chase,0,0,-99.61,10.546,0.001,-79.67
08:59.39,0.0,0.0,0.0,-0.0,Clear Day,0,0,0,0,Chase,0,0,-99.61,10.546,0.001,-79.67
08:59.55,0.0,0.0,0.0,-0.0,Clear Day,0,0,0,0,Chase,0,0,-99.61,10.546,0.001,-79.67
08:59.72,0.0,0.0,0.0,-0.0,Clear Day,0,0,0,0,Chase,0,0,-99.61,10.546,0.001,-79.67
08:59.88,0.0,0.0,0.0,-0.0,Clear Day,0,0,0,0,Chase,0,0,-99.61,10.546,0.001,-79.67
09:00.05,0.0,0.0,0.0,-0.0,Clear Day,0,0,0,0,Chase,0,0,-99.61,10.546,0.001,-79.67
09:00.22,0.0,0.0,0.0,-0.0,Clear Day,0,0,0,0,Chase,0,0,-99.61,10.546,0.001,-79.67
09:00.38,0.0,0.0,0.0,-0.0,Clear Day,0,0,0,0,Chase,0,0,-99.61,10.546,0.001,-79.67
09:00.56,0.0,0.0,0.0,-0.0,Clear Day,0,0,0,0,Chase,0,0,-99.61,10.546,0.001,-79.67
09:00.73,0.0,0.0,0.0,-0.0,Clear Day,0,0,0,0,Chase,0,0,-99.61,10.546,0.001,-79.67
09:00.91,0.0,0.0,0.0,-0.0,Clear Day,0,0,0,0,Chase,0,0,-99.61,10.546,0.001,-79.67
09:01.08,0.0,0.0,0.0,-0.0,Clear Day,0,0,0,0,Chase,0,0,-99.61,10.546,0.001,-79.67
09:01.25,0.0,0.0,0.0,-0.0,Clear Day,0,0,0,0,Chase,0,0,-99.61,10.546,0.001,-79.67
09:01.42,0.0,0.0,0.0,-0.0,Clear Day,0,0,0,0,Chase,0,0,-99.61,10.546,0.001,-79.67
09:01.59,0.0,0.0,0.0,-0.0,Clear Day,0,0,0,0,Chase,0,0,-99.61,10.546,0.001,-79.67
09:01.75,0.0,0.0,0.0,-0.0,Clear Day,0,0,0,0,Chase,0,0,-99.61,10.546,0.001,-79.67
09:01.92,0.0,0.0,0.0,-0.0,Clear Day,0,0,0,0,Chase,0,0,-99.61,10.546,0.001,-79.67
09:02.09,0.0,0.0,0.0,-0.0,Clear Day,0,0,0,0,Chase,0,0,-99.61,10.546,0.001,-79.67
09:02.26,0.0,0.0,0.0,-0.0,Clear Day,0,0,0,0,Chase,0,0,-99.61,10.546,0.001,-79.67
09:02.42,0.0,0.0,0.0,-0.0,Clear Day,0,0,0,0,Chase,0,0,-99.61,10.546,0.001,-79.67
09:02.59,0.0,0.0,0.0,-0.0,Clear Day,0,0,0,0,Chase,0,0,-99.61,10.546,0.001,-79.67
09:02.76,0.0,0.0,0.0,-0.0,Clear Day,0,0,0,0,Chase,0,0,-99.61,10.546,0.001,-79.67
09:02.93,0.0,0.0,0.0,-0.0,Clear Day,0,0,0,0,Chase,0,0,-99.61,10.546,0.001,-79.67
09:03.10,0.0,0.0,0.0,-0.0,Clear Day,0,0,0,0,Chase,0,0,-99.61,10.546,0.001,-79.67
09:03.27,0.0,0.0,0.0,-0.0,Clear Day,0,0,0,0,Chase,0,0,-99.61,10.546,0.001,-79.67
09:03.44,0.0,0.0,0.0,-0.0,Clear Day,0,0,0,0,Chase,0,0,-99.61,10.546,0.001,-79.67
09:03.61,0.0,0.0,0.0,-0.0,Clear Day,0,0,0,0,Chase,0,0,-99.61,10.546,0.001,-79.67
09:03.78,0.0,0.0,0.0,-0.0,Clear Day,0,0,0,0,Chase,0,0,-99.61,10.546,0.001,-79.67
09:03.95,0.0,0.0,0.0,-0.0,Clear Day,0,0,0,0,Chase,0,0,-99.61,10.546,0.001,-79.67
09:04.11,0.0,0.0,0.0,-0.0,Clear Day,0,0,0,0,Chase,0,0,-99.61,10.546,0.001,-79.67
09:04.28,0.0,0.0,0.0,-0.0,Clear Day,0,0,0,0,Chase,0,0,-99.61,10.546,0.001,-79.67
09:04.45,0.0,0.0,0.0,-0.0,Clear Day,0,0,0,0,Chase,0,0,-99.61,10.546,0.001,-79.67
09:04.61,0.0,0.0,0.0,-0.0,Clear Day,0,0,0,0,Chase,0,0,-99.61,10.546,0.001,-79.67
09:04.78,0.0,0.0,0.0,-0.0,Clear Day,0,0,0,0,Chase,0,0,-99.61,10.546,0.001,-79.67
09:04.94,0.0,0.0,0.0,-0.0,Clear Day,0,0,0,0,Chase,0,0,-99.61,10.546,0.001,-79.67
09:05.11,0.0,0.0,0.0,-0.0,Clear Day,0,0,0,0,Chase,0,0,-99.61,10.546,0.001,-79.67
09:05.29,0.0,0.0,0.0,-0.0,Clear Day,0,0,0,0,Chase,0,0,-99.61,10.546,0.001,-79.67
09:05.46,0.0,0.0,0.0,-0.0,Clear Day,0,0,0,0,Chase,0,0,-99.61,10.546,0.001,-79.67
09:05.63,0.0,0.0,0.0,-0.0,Clear Day,0,0,0,0,Chase,0,0,-99.61,10.546,0.001,-79.67
09:05.80,0.0,0.0,0.0,-0.0,Clear Day,0,0,0,0,Chase,0,0,-99.61,10.546,0.001,-79.67
09:05.97,0.0,0.0,0.0,-0.0,Clear Day,0,0,0,0,Chase,0,0,-99.61,10.546,0.001,-79.67
09:06.14,0.0,0.0,0.0,-0.0,Clear Day,0,0,0,0,Chase,0,0,-99.61,10.546,0.001,-79.67
09:06.30,0.0,0.0,0.0,-0.0,Clear Day,0,0,0,0,Chase,0,0,-99.61,10.546,0.001,-79.67
09:06.47,0.0,0.0,0.0,-0.0,Clear Day,0,0,0,0,Chase,0,0,-99.61,10.546,0.001,-79.67
09:06.64,0.0,0.0,0.0,-0.0,Clear Day,0,0,0,0,Chase,0,0,-99.61,10.546,0.001,-79.67
09:06.81,0.0,0.0,0.0,-0.0,Clear Day,0,0,0,0,Chase,0,0,-99.61,10.546,0.001,-79.67
09:06.97,0.0,0.0,0.0,-0.0,Clear Day,0,0,0,0,Chase,0,0,-99.61,10.546,0.001,-79.67
09:07.14,0.0,0.0,0.0,-0.0,Clear Day,0,0,0,0,Chase,0,0,-99.61,10.546,0.001,-79.67
09:07.31,0.0,0.0,0.0,-0.0,Clear Day,0,0,0,0,Chase,0,0,-99.61,10.546,0.001,-79.67
09:07.47,0.0,0.0,0.0,-0.0,Clear Day,0,0,0,0,Chase,0,0,-99.61,10.546,0.001,-79.67
09:07.65,0.0,0.0,0.0,-0.0,Clear Day,0,0,0,0,Chase,0,0,-99.61,10.546,0.001,-79.67
09:07.81,0.0,0.0,0.0,-0.0,Clear Day,0,0,0,0,Chase,0,0,-99.61,10.546,0.001,-79.67
09:07.99,0.0,0.0,0.0,-0.0,Clear Day,0,0,0,0,Chase,0,0,-99.61,10.546,0.001,-79.67
09:08.16,0.0,0.0,0.0,-0.0,Clear Day,0,0,0,0,Chase,0,0,-99.61,10.546,0.001,-79.67
09:08.34,0.0,0.0,0.0,-0.0,Clear Day,0,0,0,0,Chase,0,0,-99.61,10.546,0.001,-79.67
09:08.51,0.0,0.0,0.0,-0.0,Clear Day,0,0,0,0,Chase,0,0,-99.61,10.546,0.001,-79.67
09:08.68,0.0,0.0,0.0,-0.0,Clear Day,0,0,0,0,Chase,0,0,-99.61,10.546,0.001,-79.67
09:08.84,0.0,0.0,0.0,-0.0,Clear Day,0,0,0,0,Chase,0,0,-99.61,10.546,0.001,-79.67
09:09.01,0.0,0.0,0.0,-0.0,Clear Day,0,0,0,0,Chase,0,0,-99.61,10.546,0.001,-79.67
09:09.19,0.0,0.0,0.0,-0.0,Clear Day,0,0,0,0,Chase,0,0,-99.61,10.546,0.001,-79.67
09:09.36,0.0,0.0,0.0,-0.0,Clear Day,0,0,0,0,Chase,0,0,-99.61,10.546,0.001,-79.67
09:09.53,0.0,0.0,0.0,-0.0,Clear Day,0,0,0,0,Chase,0,0,-99.61,10.546,0.001,-79.67
09:09.69,0.0,0.0,0.0,-0.0,Clear Day,0,0,0,0,Chase,0,0,-99.61,10.546,0.001,-79.67
09:09.87,0.0,0.0,0.0,-0.0,Clear Day,0,0,0,0,Chase,0,0,-99.61,10.546,0.001,-79.67
09:10.04,0.0,0.0,0.0,-0.0,Clear Day,0,0,0,0,Chase,0,0,-99.61,10.546,0.001,-79.67
09:10.22,0.0,0.0,0.0,-0.0,Clear Day,0,0,0,0,Chase,0,0,-99.61,10.546,0.001,-79.67
09:10.38,0.0,0.0,0.0,-0.0,Clear Day,0,0,0,0,Chase,0,0,-99.61,10.546,0.001,-79.67
09:10.55,0.0,0.0,0.0,-0.0,Clear Day,0,0,0,0,Chase,0,0,-99.61,10.546,0.001,-79.67
09:10.72,0.0,0.0,0.0,-0.0,Clear Day,0,0,0,0,Chase,0,0,-99.61,10.546,0.001,-79.67
09:10.90,0.0,0.0,0.0,-0.0,Clear Day,0,0,0,0,Chase,0,0,-99.61,10.546,0.001,-79.67
09:11.07,0.0,0.0,0.0,-0.0,Clear Day,0,0,0,0,Chase,0,0,-99.61,10.546,0.001,-79.67
09:11.24,0.0,0.0,0.0,-0.0,Clear Day,0,0,0,0,Chase,0,0,-99.61,10.546,0.001,-79.67
09:11.41,0.0,0.0,0.0,-0.0,Clear Day,0,0,0,0,Chase,0,0,-99.61,10.546,0.001,-79.67
09:11.58,0.0,0.0,0.0,-0.0,Clear Day,0,0,0,0,Chase,0,0,-99.61,10.546,0.001,-79.67
09:11.75,0.0,0.0,0.0,-0.0,Clear Day,0,0,0,0,Chase,0,0,-99.61,10.546,0.001,-79.67
09:11.92,0.0,0.0,0.0,-0.0,Clear Day,0,0,0,0,Chase,0,0,-99.61,10.546,0.001,-79.67
09:12.09,0.0,0.0,0.0,-0.0,Clear Day,0,0,0,0,Chase,0,0,-99.61,10.546,0.001,-79.67
09:12.26,0.0,0.0,0.0,-0.0,Clear Day,0,0,0,0,Chase,0,0,-99.61,10.546,0.001,-79.67
09:12.43,0.0,0.0,0.0,-0.0,Clear Day,0,0,0,0,Chase,0,0,-99.61,10.546,0.001,-79.67
09:12.60,0.0,0.0,0.0,-0.0,Clear Day,0,0,0,0,Chase,0,0,-99.61,10.546,0.001,-79.67
09:12.77,0.0,0.0,0.0,-0.0,Clear Day,0,0,0,0,Chase,0,0,-99.61,10.546,0.001,-79.67
09:12.94,0.0,0.0,0.0,-0.0,Clear Day,0,0,0,0,Chase,0,0,-99.61,10.546,0.001,-79.67
09:13.11,0.0,0.0,0.0,-0.0,Clear Day,0,0,0,0,Chase,0,0,-99.61,10.546,0.001,-79.67
09:13.28,0.0,0.0,0.0,-0.0,Clear Day,0,0,0,0,Chase,0,0,-99.61,10.546,0.001,-79.67
09:13.45,0.0,0.0,0.0,-0.0,Clear Day,0,0,0,0,Chase,0,0,-99.61,10.546,0.001,-79.67
09:13.62,0.0,0.0,0.0,-0.0,Clear Day,0,0,0,0,Chase,0,0,-99.61,10.546,0.001,-79.67
09:13.79,0.0,0.0,0.0,-0.0,Clear Day,0,0,0,0,Chase,0,0,-99.61,10.546,0.001,-79.67
09:13.96,0.0,0.0,0.0,-0.0,Clear Day,0,0,0,0,Chase,0,0,-99.61,10.546,0.001,-79.67
09:14.13,0.0,0.0,0.0,-0.0,Clear Day,0,0,0,0,Chase,0,0,-99.61,10.546,0.001,-79.67
09:14.30,0.0,0.0,0.0,-0.0,Clear Day,0,0,0,0,Chase,0,0,-99.61,10.546,0.001,-79.67
09:14.47,0.0,0.0,0.0,-0.0,Clear Day,0,0,0,0,Chase,0,0,-99.61,10.546,0.001,-79.67
09:14.64,0.0,0.0,0.0,-0.0,Clear Day,0,0,0,0,Chase,0,0,-99.61,10.546,0.001,-79.67
09:14.82,0.0,0.0,0.0,-0.0,Clear Day,0,0,0,0,Chase,0,0,-99.61,10.546,0.001,-79.67
09:14.99,0.0,0.0,0.0,-0.0,Clear Day,0,0,0,0,Chase,0,0,-99.61,10.546,0.001,-79.67
09:15.31,0.0,0.0,0.0,-0.0,Clear Day,0,0,0,0,Chase,0,0,-99.61,10.546,0.001,-79.67
